rank,product_id,title,path,similarity_score,is_query,query_product_id,query_path,similarity_method
1,mock_0,Product 0,data/052628.jpg,1.0000001,True,mock_0,data/052628.jpg,cosine
2,mock_341,Product 341,data/061547.jpg,0.842278,False,mock_0,data/052628.jpg,cosine
3,mock_68,Product 68,data/053244.jpg,0.8421514,False,mock_0,data/052628.jpg,cosine
4,mock_839,Product 839,data/053091.jpg,0.8386569,False,mock_0,data/052628.jpg,cosine
5,mock_855,Product 855,data/054098.jpg,0.83475703,False,mock_0,data/052628.jpg,cosine
6,mock_41,Product 41,data/051447.jpg,0.820253,False,mock_0,data/052628.jpg,cosine
7,mock_296,Product 296,data/059966.jpg,0.81895494,False,mock_0,data/052628.jpg,cosine
8,mock_189,Product 189,data/052172.jpg,0.81776285,False,mock_0,data/052628.jpg,cosine
9,mock_808,Product 808,data/056102.jpg,0.81489587,False,mock_0,data/052628.jpg,cosine
10,mock_858,Product 858,data/066994.jpg,0.81449467,False,mock_0,data/052628.jpg,cosine
11,mock_865,Product 865,data/056857.jpg,0.81426835,False,mock_0,data/052628.jpg,cosine
12,mock_148,Product 148,data/059741.jpg,0.8135301,False,mock_0,data/052628.jpg,cosine
13,mock_711,Product 711,data/054067.jpg,0.8133285,False,mock_0,data/052628.jpg,cosine
14,mock_777,Product 777,data/052402.jpg,0.8127819,False,mock_0,data/052628.jpg,cosine
15,mock_782,Product 782,data/052364.jpg,0.8101123,False,mock_0,data/052628.jpg,cosine
16,mock_755,Product 755,data/059557.jpg,0.8096031,False,mock_0,data/052628.jpg,cosine
17,mock_420,Product 420,data/059782.jpg,0.80957633,False,mock_0,data/052628.jpg,cosine
18,mock_599,Product 599,data/055345.jpg,0.8090785,False,mock_0,data/052628.jpg,cosine
19,mock_64,Product 64,data/055621.jpg,0.8063071,False,mock_0,data/052628.jpg,cosine
20,mock_722,Product 722,data/069480.jpg,0.8018696,False,mock_0,data/052628.jpg,cosine
21,mock_494,Product 494,data/066200.jpg,0.8018386,False,mock_0,data/052628.jpg,cosine
22,mock_51,Product 51,data/058305.jpg,0.80173975,False,mock_0,data/052628.jpg,cosine
23,mock_983,Product 983,data/066770.jpg,0.8009352,False,mock_0,data/052628.jpg,cosine
24,mock_162,Product 162,data/052614.jpg,0.8004934,False,mock_0,data/052628.jpg,cosine
25,mock_292,Product 292,data/068563.jpg,0.7999676,False,mock_0,data/052628.jpg,cosine
26,mock_812,Product 812,data/059231.jpg,0.79963183,False,mock_0,data/052628.jpg,cosine
27,mock_966,Product 966,data/060467.jpg,0.799394,False,mock_0,data/052628.jpg,cosine
28,mock_898,Product 898,data/055392.jpg,0.7989332,False,mock_0,data/052628.jpg,cosine
29,mock_625,Product 625,data/056658.jpg,0.79865694,False,mock_0,data/052628.jpg,cosine
30,mock_379,Product 379,data/063422.jpg,0.79531837,False,mock_0,data/052628.jpg,cosine
31,mock_751,Product 751,data/056664.jpg,0.79240775,False,mock_0,data/052628.jpg,cosine
32,mock_654,Product 654,data/051651.jpg,0.79113096,False,mock_0,data/052628.jpg,cosine
33,mock_487,Product 487,data/060671.jpg,0.79046696,False,mock_0,data/052628.jpg,cosine
34,mock_94,Product 94,data/057022.jpg,0.7893808,False,mock_0,data/052628.jpg,cosine
35,mock_867,Product 867,data/068761.jpg,0.7891019,False,mock_0,data/052628.jpg,cosine
36,mock_128,Product 128,data/055153.jpg,0.78759897,False,mock_0,data/052628.jpg,cosine
37,mock_169,Product 169,data/054265.jpg,0.7875896,False,mock_0,data/052628.jpg,cosine
38,mock_665,Product 665,data/054729.jpg,0.78556514,False,mock_0,data/052628.jpg,cosine
39,mock_689,Product 689,data/051679.jpg,0.78486,False,mock_0,data/052628.jpg,cosine
40,mock_283,Product 283,data/061221.jpg,0.78442,False,mock_0,data/052628.jpg,cosine
41,mock_748,Product 748,data/058891.jpg,0.7844088,False,mock_0,data/052628.jpg,cosine
42,mock_311,Product 311,data/065047.jpg,0.7816344,False,mock_0,data/052628.jpg,cosine
43,mock_936,Product 936,data/061989.jpg,0.78134596,False,mock_0,data/052628.jpg,cosine
44,mock_197,Product 197,data/059027.jpg,0.781044,False,mock_0,data/052628.jpg,cosine
45,mock_799,Product 799,data/061976.jpg,0.78032464,False,mock_0,data/052628.jpg,cosine
46,mock_888,Product 888,data/056843.jpg,0.78008723,False,mock_0,data/052628.jpg,cosine
47,mock_10,Product 10,data/053536.jpg,0.7799207,False,mock_0,data/052628.jpg,cosine
48,mock_822,Product 822,data/061745.jpg,0.77925706,False,mock_0,data/052628.jpg,cosine
49,mock_429,Product 429,data/069641.jpg,0.7779715,False,mock_0,data/052628.jpg,cosine
50,mock_528,Product 528,data/043916.jpg,0.7775578,False,mock_0,data/052628.jpg,cosine
51,mock_323,Product 323,data/053293.jpg,0.77662843,False,mock_0,data/052628.jpg,cosine
52,mock_216,Product 216,data/059033.jpg,0.7752566,False,mock_0,data/052628.jpg,cosine
53,mock_399,Product 399,data/070338.jpg,0.77506655,False,mock_0,data/052628.jpg,cosine
54,mock_895,Product 895,data/061037.jpg,0.7745929,False,mock_0,data/052628.jpg,cosine
55,mock_604,Product 604,data/065286.jpg,0.7743206,False,mock_0,data/052628.jpg,cosine
56,mock_907,Product 907,data/063620.jpg,0.7741171,False,mock_0,data/052628.jpg,cosine
57,mock_728,Product 728,data/058885.jpg,0.7737291,False,mock_0,data/052628.jpg,cosine
58,mock_660,Product 660,data/052358.jpg,0.7733613,False,mock_0,data/052628.jpg,cosine
59,mock_372,Product 372,data/035102.jpg,0.7729282,False,mock_0,data/052628.jpg,cosine
60,mock_353,Product 353,data/060895.jpg,0.77216965,False,mock_0,data/052628.jpg,cosine
61,mock_581,Product 581,data/058661.jpg,0.77143085,False,mock_0,data/052628.jpg,cosine
62,mock_555,Product 555,data/060498.jpg,0.770087,False,mock_0,data/052628.jpg,cosine
63,mock_240,Product 240,data/055609.jpg,0.770031,False,mock_0,data/052628.jpg,cosine
64,mock_369,Product 369,data/052199.jpg,0.76985085,False,mock_0,data/052628.jpg,cosine
65,mock_180,Product 180,data/054503.jpg,0.76936495,False,mock_0,data/052628.jpg,cosine
66,mock_451,Product 451,data/066214.jpg,0.76907897,False,mock_0,data/052628.jpg,cosine
67,mock_465,Product 465,data/064403.jpg,0.76906866,False,mock_0,data/052628.jpg,cosine
68,mock_5,Product 5,data/055147.jpg,0.7690666,False,mock_0,data/052628.jpg,cosine
69,mock_899,Product 899,data/033017.jpg,0.7675284,False,mock_0,data/052628.jpg,cosine
70,mock_474,Product 474,data/065709.jpg,0.76705885,False,mock_0,data/052628.jpg,cosine
71,mock_57,Product 57,data/053250.jpg,0.7669454,False,mock_0,data/052628.jpg,cosine
72,mock_915,Product 915,data/064629.jpg,0.76650184,False,mock_0,data/052628.jpg,cosine
73,mock_150,Product 150,data/067877.jpg,0.76641786,False,mock_0,data/052628.jpg,cosine
74,mock_428,Product 428,data/057977.jpg,0.7654163,False,mock_0,data/052628.jpg,cosine
75,mock_332,Product 332,data/068205.jpg,0.76532394,False,mock_0,data/052628.jpg,cosine
76,mock_835,Product 835,data/063152.jpg,0.76486856,False,mock_0,data/052628.jpg,cosine
77,mock_752,Product 752,data/068952.jpg,0.76408905,False,mock_0,data/052628.jpg,cosine
78,mock_165,Product 165,data/035857.jpg,0.76397663,False,mock_0,data/052628.jpg,cosine
79,mock_879,Product 879,data/066980.jpg,0.76230353,False,mock_0,data/052628.jpg,cosine
80,mock_8,Product 8,data/054259.jpg,0.76228535,False,mock_0,data/052628.jpg,cosine
81,mock_371,Product 371,data/053287.jpg,0.7612978,False,mock_0,data/052628.jpg,cosine
82,mock_236,Product 236,data/054517.jpg,0.7608303,False,mock_0,data/052628.jpg,cosine
83,mock_395,Product 395,data/037073.jpg,0.7592101,False,mock_0,data/052628.jpg,cosine
84,mock_478,Product 478,data/064417.jpg,0.75860286,False,mock_0,data/052628.jpg,cosine
85,mock_646,Product 646,data/057220.jpg,0.75744003,False,mock_0,data/052628.jpg,cosine
86,mock_50,Product 50,data/057036.jpg,0.75645787,False,mock_0,data/052628.jpg,cosine
87,mock_513,Product 513,data/067678.jpg,0.7563192,False,mock_0,data/052628.jpg,cosine
88,mock_22,Product 22,data/069866.jpg,0.75392354,False,mock_0,data/052628.jpg,cosine
89,mock_747,Product 747,data/069494.jpg,0.75380665,False,mock_0,data/052628.jpg,cosine
90,mock_666,Product 666,data/063185.jpg,0.75168324,False,mock_0,data/052628.jpg,cosine
91,mock_457,Product 457,data/062072.jpg,0.7515032,False,mock_0,data/052628.jpg,cosine
92,mock_612,Product 612,data/055351.jpg,0.7503944,False,mock_0,data/052628.jpg,cosine
93,mock_554,Product 554,data/057234.jpg,0.7498906,False,mock_0,data/052628.jpg,cosine
94,mock_434,Product 434,data/070310.jpg,0.7483779,False,mock_0,data/052628.jpg,cosine
95,mock_518,Product 518,data/058488.jpg,0.7458559,False,mock_0,data/052628.jpg,cosine
96,mock_401,Product 401,data/059972.jpg,0.74564224,False,mock_0,data/052628.jpg,cosine
97,mock_784,Product 784,data/045618.jpg,0.7456132,False,mock_0,data/052628.jpg,cosine
98,mock_44,Product 44,data/061584.jpg,0.7447777,False,mock_0,data/052628.jpg,cosine
99,mock_505,Product 505,data/061209.jpg,0.74404895,False,mock_0,data/052628.jpg,cosine
100,mock_398,Product 398,data/068577.jpg,0.7427467,False,mock_0,data/052628.jpg,cosine
101,mock_945,Product 945,data/064601.jpg,0.7423991,False,mock_0,data/052628.jpg,cosine
102,mock_1,Product 1,data/065084.jpg,0.74235785,False,mock_0,data/052628.jpg,cosine
103,mock_985,Product 985,data/058846.jpg,0.74143964,False,mock_0,data/052628.jpg,cosine
104,mock_837,Product 837,data/035314.jpg,0.7398604,False,mock_0,data/052628.jpg,cosine
105,mock_856,Product 856,data/063634.jpg,0.73933715,False,mock_0,data/052628.jpg,cosine
106,mock_564,Product 564,data/051645.jpg,0.7392253,False,mock_0,data/052628.jpg,cosine
107,mock_86,Product 86,data/061590.jpg,0.73916304,False,mock_0,data/052628.jpg,cosine
108,mock_651,Product 651,data/061792.jpg,0.7387874,False,mock_0,data/052628.jpg,cosine
109,mock_995,Product 995,data/053913.jpg,0.7381338,False,mock_0,data/052628.jpg,cosine
110,mock_901,Product 901,data/034778.jpg,0.7381159,False,mock_0,data/052628.jpg,cosine
111,mock_910,Product 910,data/063146.jpg,0.737954,False,mock_0,data/052628.jpg,cosine
112,mock_440,Product 440,data/060103.jpg,0.7374536,False,mock_0,data/052628.jpg,cosine
113,mock_338,Product 338,data/051484.jpg,0.736795,False,mock_0,data/052628.jpg,cosine
114,mock_843,Product 843,data/065523.jpg,0.7367821,False,mock_0,data/052628.jpg,cosine
115,mock_920,Product 920,data/062258.jpg,0.7365373,False,mock_0,data/052628.jpg,cosine
116,mock_929,Product 929,data/051692.jpg,0.7364311,False,mock_0,data/052628.jpg,cosine
117,mock_511,Product 511,data/057963.jpg,0.73610085,False,mock_0,data/052628.jpg,cosine
118,mock_417,Product 417,data/062714.jpg,0.73590547,False,mock_0,data/052628.jpg,cosine
119,mock_706,Product 706,data/053708.jpg,0.7354069,False,mock_0,data/052628.jpg,cosine
120,mock_737,Product 737,data/040012.jpg,0.73534006,False,mock_0,data/052628.jpg,cosine
121,mock_934,Product 934,data/067320.jpg,0.7347291,False,mock_0,data/052628.jpg,cosine
122,mock_444,Product 444,data/060665.jpg,0.7346934,False,mock_0,data/052628.jpg,cosine
123,mock_733,Product 733,data/059543.jpg,0.7346152,False,mock_0,data/052628.jpg,cosine
124,mock_125,Product 125,data/065090.jpg,0.73427296,False,mock_0,data/052628.jpg,cosine
125,mock_357,Product 357,data/051490.jpg,0.7339558,False,mock_0,data/052628.jpg,cosine
126,mock_913,Product 913,data/035300.jpg,0.7334946,False,mock_0,data/052628.jpg,cosine
127,mock_337,Product 337,data/060881.jpg,0.73295105,False,mock_0,data/052628.jpg,cosine
128,mock_547,Product 547,data/053052.jpg,0.73275584,False,mock_0,data/052628.jpg,cosine
129,mock_890,Product 890,data/066758.jpg,0.7319088,False,mock_0,data/052628.jpg,cosine
130,mock_139,Product 139,data/059999.jpg,0.7316878,False,mock_0,data/052628.jpg,cosine
131,mock_520,Product 520,data/060117.jpg,0.7316137,False,mock_0,data/052628.jpg,cosine
132,mock_655,Product 655,data/040984.jpg,0.7311712,False,mock_0,data/052628.jpg,cosine
133,mock_781,Product 781,data/063807.jpg,0.73107135,False,mock_0,data/052628.jpg,cosine
134,mock_105,Product 105,data/067687.jpg,0.7297456,False,mock_0,data/052628.jpg,cosine
135,mock_998,Product 998,data/065279.jpg,0.72904783,False,mock_0,data/052628.jpg,cosine
136,mock_73,Product 73,data/063387.jpg,0.7281821,False,mock_0,data/052628.jpg,cosine
137,mock_499,Product 499,data/030046.jpg,0.7274612,False,mock_0,data/052628.jpg,cosine
138,mock_16,Product 16,data/030913.jpg,0.72723764,False,mock_0,data/052628.jpg,cosine
139,mock_553,Product 553,data/058107.jpg,0.7269206,False,mock_0,data/052628.jpg,cosine
140,mock_644,Product 644,data/051889.jpg,0.72545385,False,mock_0,data/052628.jpg,cosine
141,mock_316,Product 316,data/062728.jpg,0.72517574,False,mock_0,data/052628.jpg,cosine
142,mock_43,Product 43,data/056328.jpg,0.72454554,False,mock_0,data/052628.jpg,cosine
143,mock_960,Product 960,data/066016.jpg,0.7243731,False,mock_0,data/052628.jpg,cosine
144,mock_410,Product 410,data/064365.jpg,0.7239032,False,mock_0,data/052628.jpg,cosine
145,mock_438,Product 438,data/069899.jpg,0.72375125,False,mock_0,data/052628.jpg,cosine
146,mock_315,Product 315,data/055184.jpg,0.7228526,False,mock_0,data/052628.jpg,cosine
147,mock_840,Product 840,data/054926.jpg,0.72069025,False,mock_0,data/052628.jpg,cosine
148,mock_614,Product 614,data/045142.jpg,0.71819407,False,mock_0,data/052628.jpg,cosine
149,mock_819,Product 819,data/028423.jpg,0.7181459,False,mock_0,data/052628.jpg,cosine
150,mock_730,Product 730,data/068946.jpg,0.71808034,False,mock_0,data/052628.jpg,cosine
151,mock_797,Product 797,data/027923.jpg,0.7174837,False,mock_0,data/052628.jpg,cosine
152,mock_894,Product 894,data/028351.jpg,0.71718484,False,mock_0,data/052628.jpg,cosine
153,mock_370,Product 370,data/065735.jpg,0.7166278,False,mock_0,data/052628.jpg,cosine
154,mock_850,Product 850,data/065245.jpg,0.7165341,False,mock_0,data/052628.jpg,cosine
155,mock_531,Product 531,data/062700.jpg,0.7163599,False,mock_0,data/052628.jpg,cosine
156,mock_35,Product 35,data/051321.jpg,0.7162956,False,mock_0,data/052628.jpg,cosine
157,mock_769,Product 769,data/044260.jpg,0.7153291,False,mock_0,data/052628.jpg,cosine
158,mock_851,Product 851,data/035472.jpg,0.71525794,False,mock_0,data/052628.jpg,cosine
159,mock_640,Product 640,data/047033.jpg,0.71511525,False,mock_0,data/052628.jpg,cosine
160,mock_642,Product 642,data/058113.jpg,0.71468794,False,mock_0,data/052628.jpg,cosine
161,mock_977,Product 977,data/070112.jpg,0.7143399,False,mock_0,data/052628.jpg,cosine
162,mock_452,Product 452,data/069127.jpg,0.71418136,False,mock_0,data/052628.jpg,cosine
163,mock_442,Product 442,data/026630.jpg,0.71400356,False,mock_0,data/052628.jpg,cosine
164,mock_96,Product 96,data/058311.jpg,0.7134345,False,mock_0,data/052628.jpg,cosine
165,mock_326,Product 326,data/032679.jpg,0.71325123,False,mock_0,data/052628.jpg,cosine
166,mock_583,Product 583,data/057552.jpg,0.7132323,False,mock_0,data/052628.jpg,cosine
167,mock_426,Product 426,data/038368.jpg,0.71233547,False,mock_0,data/052628.jpg,cosine
168,mock_449,Product 449,data/036423.jpg,0.7116929,False,mock_0,data/052628.jpg,cosine
169,mock_833,Product 833,data/031172.jpg,0.71153533,False,mock_0,data/052628.jpg,cosine
170,mock_308,Product 308,data/064359.jpg,0.71091056,False,mock_0,data/052628.jpg,cosine
171,mock_586,Product 586,data/067491.jpg,0.7100888,False,mock_0,data/052628.jpg,cosine
172,mock_470,Product 470,data/062066.jpg,0.7099977,False,mock_0,data/052628.jpg,cosine
173,mock_303,Product 303,data/029259.jpg,0.7099229,False,mock_0,data/052628.jpg,cosine
174,mock_557,Product 557,data/059219.jpg,0.70985377,False,mock_0,data/052628.jpg,cosine
175,mock_996,Product 996,data/062516.jpg,0.70985055,False,mock_0,data/052628.jpg,cosine
176,mock_631,Product 631,data/057546.jpg,0.70977545,False,mock_0,data/052628.jpg,cosine
177,mock_952,Product 952,data/062270.jpg,0.70977265,False,mock_0,data/052628.jpg,cosine
178,mock_281,Product 281,data/069696.jpg,0.7090347,False,mock_0,data/052628.jpg,cosine
179,mock_695,Product 695,data/042163.jpg,0.7088512,False,mock_0,data/052628.jpg,cosine
180,mock_157,Product 157,data/069682.jpg,0.708734,False,mock_0,data/052628.jpg,cosine
181,mock_493,Product 493,data/036437.jpg,0.7073752,False,mock_0,data/052628.jpg,cosine
182,mock_847,Product 847,data/033003.jpg,0.7071934,False,mock_0,data/052628.jpg,cosine
183,mock_720,Product 720,data/025846.jpg,0.70700616,False,mock_0,data/052628.jpg,cosine
184,mock_23,Product 23,data/057750.jpg,0.70688987,False,mock_0,data/052628.jpg,cosine
185,mock_31,Product 31,data/057988.jpg,0.70674443,False,mock_0,data/052628.jpg,cosine
186,mock_942,Product 942,data/045817.jpg,0.70571214,False,mock_0,data/052628.jpg,cosine
187,mock_280,Product 280,data/046675.jpg,0.70556504,False,mock_0,data/052628.jpg,cosine
188,mock_732,Product 732,data/056670.jpg,0.7051839,False,mock_0,data/052628.jpg,cosine
189,mock_404,Product 404,data/057787.jpg,0.7048062,False,mock_0,data/052628.jpg,cosine
190,mock_145,Product 145,data/026195.jpg,0.7047168,False,mock_0,data/052628.jpg,cosine
191,mock_701,Product 701,data/054701.jpg,0.70458776,False,mock_0,data/052628.jpg,cosine
192,mock_510,Product 510,data/069655.jpg,0.70407826,False,mock_0,data/052628.jpg,cosine
193,mock_826,Product 826,data/051686.jpg,0.70376515,False,mock_0,data/052628.jpg,cosine
194,mock_365,Product 365,data/033573.jpg,0.7036599,False,mock_0,data/052628.jpg,cosine
195,mock_77,Product 77,data/062099.jpg,0.70252824,False,mock_0,data/052628.jpg,cosine
196,mock_277,Product 277,data/056466.jpg,0.7021767,False,mock_0,data/052628.jpg,cosine
197,mock_892,Product 892,data/037271.jpg,0.7014081,False,mock_0,data/052628.jpg,cosine
198,mock_887,Product 887,data/068775.jpg,0.70117533,False,mock_0,data/052628.jpg,cosine
199,mock_184,Product 184,data/065906.jpg,0.7009188,False,mock_0,data/052628.jpg,cosine
200,mock_242,Product 242,data/042375.jpg,0.70042944,False,mock_0,data/052628.jpg,cosine
201,mock_739,Product 739,data/049988.jpg,0.7002659,False,mock_0,data/052628.jpg,cosine
202,mock_469,Product 469,data/032645.jpg,0.699901,False,mock_0,data/052628.jpg,cosine
203,mock_391,Product 391,data/061235.jpg,0.6990057,False,mock_0,data/052628.jpg,cosine
204,mock_845,Product 845,data/033765.jpg,0.6983708,False,mock_0,data/052628.jpg,cosine
205,mock_201,Product 201,data/058339.jpg,0.6971444,False,mock_0,data/052628.jpg,cosine
206,mock_472,Product 472,data/034220.jpg,0.6967714,False,mock_0,data/052628.jpg,cosine
207,mock_171,Product 171,data/043719.jpg,0.6959933,False,mock_0,data/052628.jpg,cosine
208,mock_352,Product 352,data/039738.jpg,0.6954555,False,mock_0,data/052628.jpg,cosine
209,mock_924,Product 924,data/030278.jpg,0.69472474,False,mock_0,data/052628.jpg,cosine
210,mock_507,Product 507,data/066566.jpg,0.6944152,False,mock_0,data/052628.jpg,cosine
211,mock_754,Product 754,data/041318.jpg,0.6939353,False,mock_0,data/052628.jpg,cosine
212,mock_261,Product 261,data/048658.jpg,0.6938616,False,mock_0,data/052628.jpg,cosine
213,mock_616,Product 616,data/065292.jpg,0.6935043,False,mock_0,data/052628.jpg,cosine
214,mock_760,Product 760,data/040006.jpg,0.6933899,False,mock_0,data/052628.jpg,cosine
215,mock_704,Product 704,data/044512.jpg,0.69322616,False,mock_0,data/052628.jpg,cosine
216,mock_628,Product 628,data/058675.jpg,0.69309527,False,mock_0,data/052628.jpg,cosine
217,mock_877,Product 877,data/061023.jpg,0.6930705,False,mock_0,data/052628.jpg,cosine
218,mock_376,Product 376,data/052827.jpg,0.69272643,False,mock_0,data/052628.jpg,cosine
219,mock_500,Product 500,data/028609.jpg,0.69265205,False,mock_0,data/052628.jpg,cosine
220,mock_764,Product 764,data/050215.jpg,0.6924937,False,mock_0,data/052628.jpg,cosine
221,mock_957,Product 957,data/030250.jpg,0.69248015,False,mock_0,data/052628.jpg,cosine
222,mock_671,Product 671,data/061962.jpg,0.6920376,False,mock_0,data/052628.jpg,cosine
223,mock_344,Product 344,data/028621.jpg,0.6915923,False,mock_0,data/052628.jpg,cosine
224,mock_81,Product 81,data/026803.jpg,0.6915249,False,mock_0,data/052628.jpg,cosine
225,mock_387,Product 387,data/055190.jpg,0.6912905,False,mock_0,data/052628.jpg,cosine
226,mock_28,Product 28,data/028184.jpg,0.69123596,False,mock_0,data/052628.jpg,cosine
227,mock_904,Product 904,data/035466.jpg,0.690852,False,mock_0,data/052628.jpg,cosine
228,mock_98,Product 98,data/047231.jpg,0.69079363,False,mock_0,data/052628.jpg,cosine
229,mock_422,Product 422,data/030734.jpg,0.69028664,False,mock_0,data/052628.jpg,cosine
230,mock_329,Product 329,data/060659.jpg,0.6899957,False,mock_0,data/052628.jpg,cosine
231,mock_107,Product 107,data/057744.jpg,0.6896315,False,mock_0,data/052628.jpg,cosine
232,mock_116,Product 116,data/059769.jpg,0.68954426,False,mock_0,data/052628.jpg,cosine
233,mock_712,Product 712,data/042605.jpg,0.6891989,False,mock_0,data/052628.jpg,cosine
234,mock_653,Product 653,data/029932.jpg,0.68912274,False,mock_0,data/052628.jpg,cosine
235,mock_515,Product 515,data/036351.jpg,0.68858397,False,mock_0,data/052628.jpg,cosine
236,mock_414,Product 414,data/043902.jpg,0.6882095,False,mock_0,data/052628.jpg,cosine
237,mock_735,Product 735,data/026397.jpg,0.6870116,False,mock_0,data/052628.jpg,cosine
238,mock_590,Product 590,data/056894.jpg,0.6863919,False,mock_0,data/052628.jpg,cosine
239,mock_872,Product 872,data/037265.jpg,0.68620664,False,mock_0,data/052628.jpg,cosine
240,mock_17,Product 17,data/067693.jpg,0.68616617,False,mock_0,data/052628.jpg,cosine
241,mock_842,Product 842,data/023576.jpg,0.6855719,False,mock_0,data/052628.jpg,cosine
242,mock_595,Product 595,data/064198.jpg,0.68539506,False,mock_0,data/052628.jpg,cosine
243,mock_19,Product 19,data/039089.jpg,0.68513685,False,mock_0,data/052628.jpg,cosine
244,mock_59,Product 59,data/043043.jpg,0.68480897,False,mock_0,data/052628.jpg,cosine
245,mock_339,Product 339,data/066228.jpg,0.6847162,False,mock_0,data/052628.jpg,cosine
246,mock_897,Product 897,data/027062.jpg,0.68438643,False,mock_0,data/052628.jpg,cosine
247,mock_2,Product 2,data/045354.jpg,0.6839741,False,mock_0,data/052628.jpg,cosine
248,mock_227,Product 227,data/050771.jpg,0.68395966,False,mock_0,data/052628.jpg,cosine
249,mock_780,Product 780,data/025852.jpg,0.6836846,False,mock_0,data/052628.jpg,cosine
250,mock_310,Product 310,data/035670.jpg,0.6828861,False,mock_0,data/052628.jpg,cosine
251,mock_770,Product 770,data/054073.jpg,0.68224275,False,mock_0,data/052628.jpg,cosine
252,mock_74,Product 74,data/042349.jpg,0.6820352,False,mock_0,data/052628.jpg,cosine
253,mock_225,Product 225,data/028812.jpg,0.68189675,False,mock_0,data/052628.jpg,cosine
254,mock_183,Product 183,data/032686.jpg,0.68121064,False,mock_0,data/052628.jpg,cosine
255,mock_965,Product 965,data/067308.jpg,0.6798347,False,mock_0,data/052628.jpg,cosine
256,mock_902,Product 902,data/065251.jpg,0.67963403,False,mock_0,data/052628.jpg,cosine
257,mock_436,Product 436,data/029265.jpg,0.67917764,False,mock_0,data/052628.jpg,cosine
258,mock_245,Product 245,data/052166.jpg,0.6789706,False,mock_0,data/052628.jpg,cosine
259,mock_807,Product 807,data/031199.jpg,0.67889315,False,mock_0,data/052628.jpg,cosine
260,mock_917,Product 917,data/054932.jpg,0.67820704,False,mock_0,data/052628.jpg,cosine
261,mock_721,Product 721,data/034793.jpg,0.6768951,False,mock_0,data/052628.jpg,cosine
262,mock_83,Product 83,data/060856.jpg,0.6766529,False,mock_0,data/052628.jpg,cosine
263,mock_909,Product 909,data/032309.jpg,0.6764471,False,mock_0,data/052628.jpg,cosine
264,mock_601,Product 601,data/042639.jpg,0.6759472,False,mock_0,data/052628.jpg,cosine
265,mock_926,Product 926,data/061751.jpg,0.6757044,False,mock_0,data/052628.jpg,cosine
266,mock_870,Product 870,data/038156.jpg,0.67546916,False,mock_0,data/052628.jpg,cosine
267,mock_264,Product 264,data/068588.jpg,0.67423165,False,mock_0,data/052628.jpg,cosine
268,mock_497,Product 497,data/069133.jpg,0.6741338,False,mock_0,data/052628.jpg,cosine
269,mock_75,Product 75,data/055635.jpg,0.67312956,False,mock_0,data/052628.jpg,cosine
270,mock_92,Product 92,data/050995.jpg,0.6730078,False,mock_0,data/052628.jpg,cosine
271,mock_421,Product 421,data/048857.jpg,0.67290205,False,mock_0,data/052628.jpg,cosine
272,mock_490,Product 490,data/041867.jpg,0.6716665,False,mock_0,data/052628.jpg,cosine
273,mock_923,Product 923,data/028437.jpg,0.6708334,False,mock_0,data/052628.jpg,cosine
274,mock_330,Product 330,data/031370.jpg,0.67071927,False,mock_0,data/052628.jpg,cosine
275,mock_349,Product 349,data/068211.jpg,0.67069274,False,mock_0,data/052628.jpg,cosine
276,mock_811,Product 811,data/030287.jpg,0.6705953,False,mock_0,data/052628.jpg,cosine
277,mock_441,Product 441,data/029503.jpg,0.66929835,False,mock_0,data/052628.jpg,cosine
278,mock_991,Product 991,data/059580.jpg,0.6689053,False,mock_0,data/052628.jpg,cosine
279,mock_975,Product 975,data/031628.jpg,0.6685982,False,mock_0,data/052628.jpg,cosine
280,mock_331,Product 331,data/040589.jpg,0.66826457,False,mock_0,data/052628.jpg,cosine
281,mock_375,Product 375,data/063344.jpg,0.66816354,False,mock_0,data/052628.jpg,cosine
282,mock_679,Product 679,data/040774.jpg,0.66752684,False,mock_0,data/052628.jpg,cosine
283,mock_709,Product 709,data/002221.jpg,0.6674342,False,mock_0,data/052628.jpg,cosine
284,mock_342,Product 342,data/027512.jpg,0.66710764,False,mock_0,data/052628.jpg,cosine
285,mock_324,Product 324,data/035116.jpg,0.6664769,False,mock_0,data/052628.jpg,cosine
286,mock_951,Product 951,data/033759.jpg,0.6651977,False,mock_0,data/052628.jpg,cosine
287,mock_627,Product 627,data/066943.jpg,0.66517067,False,mock_0,data/052628.jpg,cosine
288,mock_750,Product 750,data/031827.jpg,0.66403455,False,mock_0,data/052628.jpg,cosine
289,mock_973,Product 973,data/029067.jpg,0.66335565,False,mock_0,data/052628.jpg,cosine
290,mock_741,Product 741,data/036184.jpg,0.66300464,False,mock_0,data/052628.jpg,cosine
291,mock_381,Product 381,data/035664.jpg,0.6626885,False,mock_0,data/052628.jpg,cosine
292,mock_524,Product 524,data/064371.jpg,0.66252196,False,mock_0,data/052628.jpg,cosine
293,mock_461,Product 461,data/055806.jpg,0.6621647,False,mock_0,data/052628.jpg,cosine
294,mock_67,Product 67,data/003467.jpg,0.6620676,False,mock_0,data/052628.jpg,cosine
295,mock_220,Product 220,data/040562.jpg,0.6619945,False,mock_0,data/052628.jpg,cosine
296,mock_348,Product 348,data/031364.jpg,0.6616934,False,mock_0,data/052628.jpg,cosine
297,mock_719,Product 719,data/063813.jpg,0.66163784,False,mock_0,data/052628.jpg,cosine
298,mock_418,Product 418,data/004491.jpg,0.6615447,False,mock_0,data/052628.jpg,cosine
299,mock_857,Product 857,data/049977.jpg,0.6614971,False,mock_0,data/052628.jpg,cosine
300,mock_454,Product 454,data/030052.jpg,0.66136664,False,mock_0,data/052628.jpg,cosine
301,mock_256,Product 256,data/054271.jpg,0.6613653,False,mock_0,data/052628.jpg,cosine
302,mock_718,Product 718,data/052416.jpg,0.66134,False,mock_0,data/052628.jpg,cosine
303,mock_84,Product 84,data/051453.jpg,0.66121113,False,mock_0,data/052628.jpg,cosine
304,mock_127,Product 127,data/045340.jpg,0.6607486,False,mock_0,data/052628.jpg,cosine
305,mock_959,Product 959,data/069325.jpg,0.6602036,False,mock_0,data/052628.jpg,cosine
306,mock_70,Product 70,data/044738.jpg,0.6600847,False,mock_0,data/052628.jpg,cosine
307,mock_992,Product 992,data/028379.jpg,0.6600306,False,mock_0,data/052628.jpg,cosine
308,mock_941,Product 941,data/032447.jpg,0.65965736,False,mock_0,data/052628.jpg,cosine
309,mock_676,Product 676,data/050567.jpg,0.659028,False,mock_0,data/052628.jpg,cosine
310,mock_598,Product 598,data/043527.jpg,0.6589973,False,mock_0,data/052628.jpg,cosine
311,mock_980,Product 980,data/037259.jpg,0.6579624,False,mock_0,data/052628.jpg,cosine
312,mock_271,Product 271,data/057778.jpg,0.65761214,False,mock_0,data/052628.jpg,cosine
313,mock_990,Product 990,data/030536.jpg,0.65748173,False,mock_0,data/052628.jpg,cosine
314,mock_794,Product 794,data/033956.jpg,0.6571395,False,mock_0,data/052628.jpg,cosine
315,mock_489,Product 489,data/026624.jpg,0.6570741,False,mock_0,data/052628.jpg,cosine
316,mock_596,Product 596,data/034977.jpg,0.6568001,False,mock_0,data/052628.jpg,cosine
317,mock_206,Product 206,data/028806.jpg,0.65669316,False,mock_0,data/052628.jpg,cosine
318,mock_940,Product 940,data/029729.jpg,0.65618724,False,mock_0,data/052628.jpg,cosine
319,mock_565,Product 565,data/029926.jpg,0.65618145,False,mock_0,data/052628.jpg,cosine
320,mock_407,Product 407,data/032123.jpg,0.6560854,False,mock_0,data/052628.jpg,cosine
321,mock_864,Product 864,data/067452.jpg,0.65595806,False,mock_0,data/052628.jpg,cosine
322,mock_859,Product 859,data/031614.jpg,0.6557969,False,mock_0,data/052628.jpg,cosine
323,mock_427,Product 427,data/049591.jpg,0.65544987,False,mock_0,data/052628.jpg,cosine
324,mock_746,Product 746,data/046477.jpg,0.6545499,False,mock_0,data/052628.jpg,cosine
325,mock_988,Product 988,data/068985.jpg,0.65452147,False,mock_0,data/052628.jpg,cosine
326,mock_346,Product 346,data/041697.jpg,0.6538747,False,mock_0,data/052628.jpg,cosine
327,mock_981,Product 981,data/069443.jpg,0.6537154,False,mock_0,data/052628.jpg,cosine
328,mock_458,Product 458,data/003498.jpg,0.6536391,False,mock_0,data/052628.jpg,cosine
329,mock_300,Product 300,data/057793.jpg,0.6536264,False,mock_0,data/052628.jpg,cosine
330,mock_38,Product 38,data/026817.jpg,0.65261024,False,mock_0,data/052628.jpg,cosine
331,mock_673,Product 673,data/027937.jpg,0.65210694,False,mock_0,data/052628.jpg,cosine
332,mock_827,Product 827,data/037503.jpg,0.65182245,False,mock_0,data/052628.jpg,cosine
333,mock_484,Product 484,data/029517.jpg,0.6517506,False,mock_0,data/052628.jpg,cosine
334,mock_702,Product 702,data/033942.jpg,0.6515635,False,mock_0,data/052628.jpg,cosine
335,mock_288,Product 288,data/030708.jpg,0.65145063,False,mock_0,data/052628.jpg,cosine
336,mock_668,Product 668,data/005200.jpg,0.65105295,False,mock_0,data/052628.jpg,cosine
337,mock_152,Product 152,data/056472.jpg,0.650522,False,mock_0,data/052628.jpg,cosine
338,mock_987,Product 987,data/047966.jpg,0.6504104,False,mock_0,data/052628.jpg,cosine
339,mock_477,Product 477,data/055812.jpg,0.65039337,False,mock_0,data/052628.jpg,cosine
340,mock_698,Product 698,data/032484.jpg,0.65025365,False,mock_0,data/052628.jpg,cosine
341,mock_522,Product 522,data/032137.jpg,0.64993846,False,mock_0,data/052628.jpg,cosine
342,mock_950,Product 950,data/034036.jpg,0.6498926,False,mock_0,data/052628.jpg,cosine
343,mock_363,Product 363,data/028635.jpg,0.64885026,False,mock_0,data/052628.jpg,cosine
344,mock_366,Product 366,data/002976.jpg,0.64874667,False,mock_0,data/052628.jpg,cosine
345,mock_846,Product 846,data/055386.jpg,0.6486182,False,mock_0,data/052628.jpg,cosine
346,mock_91,Product 91,data/041640.jpg,0.64856505,False,mock_0,data/052628.jpg,cosine
347,mock_806,Product 806,data/040760.jpg,0.64820945,False,mock_0,data/052628.jpg,cosine
348,mock_194,Product 194,data/046107.jpg,0.6480039,False,mock_0,data/052628.jpg,cosine
349,mock_287,Product 287,data/067888.jpg,0.6471782,False,mock_0,data/052628.jpg,cosine
350,mock_405,Product 405,data/046852.jpg,0.64672434,False,mock_0,data/052628.jpg,cosine
351,mock_946,Product 946,data/033981.jpg,0.64588517,False,mock_0,data/052628.jpg,cosine
352,mock_112,Product 112,data/058477.jpg,0.64495236,False,mock_0,data/052628.jpg,cosine
353,mock_889,Product 889,data/038142.jpg,0.6447002,False,mock_0,data/052628.jpg,cosine
354,mock_814,Product 814,data/046311.jpg,0.64426756,False,mock_0,data/052628.jpg,cosine
355,mock_267,Product 267,data/040204.jpg,0.64382625,False,mock_0,data/052628.jpg,cosine
356,mock_976,Product 976,data/036147.jpg,0.64348006,False,mock_0,data/052628.jpg,cosine
357,mock_638,Product 638,data/048300.jpg,0.6434635,False,mock_0,data/052628.jpg,cosine
358,mock_473,Product 473,data/032889.jpg,0.6432148,False,mock_0,data/052628.jpg,cosine
359,mock_286,Product 286,data/028147.jpg,0.6427858,False,mock_0,data/052628.jpg,cosine
360,mock_662,Product 662,data/055437.jpg,0.642735,False,mock_0,data/052628.jpg,cosine
361,mock_912,Product 912,data/043296.jpg,0.6426747,False,mock_0,data/052628.jpg,cosine
362,mock_634,Product 634,data/067485.jpg,0.6425663,False,mock_0,data/052628.jpg,cosine
363,mock_984,Product 984,data/049793.jpg,0.6421099,False,mock_0,data/052628.jpg,cosine
364,mock_161,Product 161,data/045368.jpg,0.64180017,False,mock_0,data/052628.jpg,cosine
365,mock_435,Product 435,data/036345.jpg,0.64160204,False,mock_0,data/052628.jpg,cosine
366,mock_394,Product 394,data/069669.jpg,0.6413102,False,mock_0,data/052628.jpg,cosine
367,mock_542,Product 542,data/064826.jpg,0.6410098,False,mock_0,data/052628.jpg,cosine
368,mock_25,Product 25,data/058463.jpg,0.64088464,False,mock_0,data/052628.jpg,cosine
369,mock_573,Product 573,data/028386.jpg,0.64076364,False,mock_0,data/052628.jpg,cosine
370,mock_905,Product 905,data/042836.jpg,0.6402837,False,mock_0,data/052628.jpg,cosine
371,mock_298,Product 298,data/046846.jpg,0.6394096,False,mock_0,data/052628.jpg,cosine
372,mock_962,Product 962,data/036621.jpg,0.6391447,False,mock_0,data/052628.jpg,cosine
373,mock_78,Product 78,data/032876.jpg,0.63880444,False,mock_0,data/052628.jpg,cosine
374,mock_284,Product 284,data/027274.jpg,0.63876694,False,mock_0,data/052628.jpg,cosine
375,mock_274,Product 274,data/059755.jpg,0.63833165,False,mock_0,data/052628.jpg,cosine
376,mock_115,Product 115,data/028190.jpg,0.63819754,False,mock_0,data/052628.jpg,cosine
377,mock_502,Product 502,data/030720.jpg,0.63783157,False,mock_0,data/052628.jpg,cosine
378,mock_126,Product 126,data/003315.jpg,0.63752484,False,mock_0,data/052628.jpg,cosine
379,mock_415,Product 415,data/035894.jpg,0.6374563,False,mock_0,data/052628.jpg,cosine
380,mock_158,Product 158,data/046661.jpg,0.63734794,False,mock_0,data/052628.jpg,cosine
381,mock_396,Product 396,data/038340.jpg,0.6370773,False,mock_0,data/052628.jpg,cosine
382,mock_880,Product 880,data/049963.jpg,0.63699704,False,mock_0,data/052628.jpg,cosine
383,mock_861,Product 861,data/026368.jpg,0.6360174,False,mock_0,data/052628.jpg,cosine
384,mock_958,Product 958,data/000393.jpg,0.6354631,False,mock_0,data/052628.jpg,cosine
385,mock_188,Product 188,data/042361.jpg,0.63481414,False,mock_0,data/052628.jpg,cosine
386,mock_117,Product 117,data/041126.jpg,0.6343278,False,mock_0,data/052628.jpg,cosine
387,mock_633,Product 633,data/048466.jpg,0.63398147,False,mock_0,data/052628.jpg,cosine
388,mock_247,Product 247,data/034585.jpg,0.6335145,False,mock_0,data/052628.jpg,cosine
389,mock_727,Product 727,data/049750.jpg,0.6334713,False,mock_0,data/052628.jpg,cosine
390,mock_406,Product 406,data/031402.jpg,0.63327587,False,mock_0,data/052628.jpg,cosine
391,mock_305,Product 305,data/052833.jpg,0.632963,False,mock_0,data/052628.jpg,cosine
392,mock_967,Product 967,data/026432.jpg,0.6323978,False,mock_0,data/052628.jpg,cosine
393,mock_684,Product 684,data/059225.jpg,0.6320007,False,mock_0,data/052628.jpg,cosine
394,mock_237,Product 237,data/065912.jpg,0.6314194,False,mock_0,data/052628.jpg,cosine
395,mock_593,Product 593,data/053734.jpg,0.63127625,False,mock_0,data/052628.jpg,cosine
396,mock_333,Product 333,data/067136.jpg,0.6310845,False,mock_0,data/052628.jpg,cosine
397,mock_956,Product 956,data/061779.jpg,0.6307064,False,mock_0,data/052628.jpg,cosine
398,mock_425,Product 425,data/066572.jpg,0.6301478,False,mock_0,data/052628.jpg,cosine
399,mock_537,Product 537,data/045630.jpg,0.6299825,False,mock_0,data/052628.jpg,cosine
400,mock_521,Product 521,data/026142.jpg,0.62977266,False,mock_0,data/052628.jpg,cosine
401,mock_972,Product 972,data/026354.jpg,0.6296342,False,mock_0,data/052628.jpg,cosine
402,mock_539,Product 539,data/055423.jpg,0.6294869,False,mock_0,data/052628.jpg,cosine
403,mock_273,Product 273,data/048880.jpg,0.6294842,False,mock_0,data/052628.jpg,cosine
404,mock_295,Product 295,data/067650.jpg,0.629279,False,mock_0,data/052628.jpg,cosine
405,mock_351,Product 351,data/067122.jpg,0.6291646,False,mock_0,data/052628.jpg,cosine
406,mock_6,Product 6,data/043725.jpg,0.62903243,False,mock_0,data/052628.jpg,cosine
407,mock_762,Product 762,data/047769.jpg,0.6283154,False,mock_0,data/052628.jpg,cosine
408,mock_459,Product 459,data/034234.jpg,0.6280658,False,mock_0,data/052628.jpg,cosine
409,mock_259,Product 259,data/044062.jpg,0.62799853,False,mock_0,data/052628.jpg,cosine
410,mock_159,Product 159,data/037098.jpg,0.627824,False,mock_0,data/052628.jpg,cosine
411,mock_272,Product 272,data/067863.jpg,0.62706864,False,mock_0,data/052628.jpg,cosine
412,mock_437,Product 437,data/006286.jpg,0.6265712,False,mock_0,data/052628.jpg,cosine
413,mock_603,Product 603,data/045156.jpg,0.62590545,False,mock_0,data/052628.jpg,cosine
414,mock_103,Product 103,data/047557.jpg,0.6255406,False,mock_0,data/052628.jpg,cosine
415,mock_250,Product 250,data/052600.jpg,0.62462676,False,mock_0,data/052628.jpg,cosine
416,mock_788,Product 788,data/032490.jpg,0.62381876,False,mock_0,data/052628.jpg,cosine
417,mock_33,Product 33,data/038397.jpg,0.6236924,False,mock_0,data/052628.jpg,cosine
418,mock_848,Product 848,data/045195.jpg,0.623487,False,mock_0,data/052628.jpg,cosine
419,mock_143,Product 143,data/040210.jpg,0.6234327,False,mock_0,data/052628.jpg,cosine
420,mock_52,Product 52,data/047225.jpg,0.6234309,False,mock_0,data/052628.jpg,cosine
421,mock_384,Product 384,data/045383.jpg,0.62316453,False,mock_0,data/052628.jpg,cosine
422,mock_464,Product 464,data/022456.jpg,0.6226396,False,mock_0,data/052628.jpg,cosine
423,mock_551,Product 551,data/047027.jpg,0.6226344,False,mock_0,data/052628.jpg,cosine
424,mock_978,Product 978,data/039274.jpg,0.6223627,False,mock_0,data/052628.jpg,cosine
425,mock_623,Product 623,data/007371.jpg,0.6221516,False,mock_0,data/052628.jpg,cosine
426,mock_142,Product 142,data/006245.jpg,0.6219151,False,mock_0,data/052628.jpg,cosine
427,mock_635,Product 635,data/047755.jpg,0.6208609,False,mock_0,data/052628.jpg,cosine
428,mock_80,Product 80,data/045426.jpg,0.6203781,False,mock_0,data/052628.jpg,cosine
429,mock_933,Product 933,data/037517.jpg,0.620303,False,mock_0,data/052628.jpg,cosine
430,mock_731,Product 731,data/027089.jpg,0.6201883,False,mock_0,data/052628.jpg,cosine
431,mock_233,Product 233,data/053278.jpg,0.6201401,False,mock_0,data/052628.jpg,cosine
432,mock_938,Product 938,data/068013.jpg,0.62006515,False,mock_0,data/052628.jpg,cosine
433,mock_592,Product 592,data/044248.jpg,0.6197227,False,mock_0,data/052628.jpg,cosine
434,mock_685,Product 685,data/030293.jpg,0.6191328,False,mock_0,data/052628.jpg,cosine
435,mock_327,Product 327,data/063350.jpg,0.61884654,False,mock_0,data/052628.jpg,cosine
436,mock_868,Product 868,data/047782.jpg,0.61882305,False,mock_0,data/052628.jpg,cosine
437,mock_779,Product 779,data/034787.jpg,0.61846626,False,mock_0,data/052628.jpg,cosine
438,mock_622,Product 622,data/041324.jpg,0.6183419,False,mock_0,data/052628.jpg,cosine
439,mock_222,Product 222,data/037932.jpg,0.6180469,False,mock_0,data/052628.jpg,cosine
440,mock_763,Product 763,data/036190.jpg,0.61799455,False,mock_0,data/052628.jpg,cosine
441,mock_253,Product 253,data/042413.jpg,0.6177432,False,mock_0,data/052628.jpg,cosine
442,mock_715,Product 715,data/055379.jpg,0.61757857,False,mock_0,data/052628.jpg,cosine
443,mock_397,Product 397,data/047594.jpg,0.6175013,False,mock_0,data/052628.jpg,cosine
444,mock_248,Product 248,data/005980.jpg,0.61713135,False,mock_0,data/052628.jpg,cosine
445,mock_373,Product 373,data/043094.jpg,0.6171009,False,mock_0,data/052628.jpg,cosine
446,mock_241,Product 241,data/002989.jpg,0.61702144,False,mock_0,data/052628.jpg,cosine
447,mock_485,Product 485,data/031358.jpg,0.6166209,False,mock_0,data/052628.jpg,cosine
448,mock_154,Product 154,data/049552.jpg,0.6162283,False,mock_0,data/052628.jpg,cosine
449,mock_883,Product 883,data/067446.jpg,0.61546737,False,mock_0,data/052628.jpg,cosine
450,mock_878,Product 878,data/031600.jpg,0.6154254,False,mock_0,data/052628.jpg,cosine
451,mock_392,Product 392,data/028153.jpg,0.6150688,False,mock_0,data/052628.jpg,cosine
452,mock_53,Product 53,data/001270.jpg,0.61455226,False,mock_0,data/052628.jpg,cosine
453,mock_506,Product 506,data/049585.jpg,0.61400896,False,mock_0,data/052628.jpg,cosine
454,mock_118,Product 118,data/046649.jpg,0.613706,False,mock_0,data/052628.jpg,cosine
455,mock_317,Product 317,data/033567.jpg,0.6135192,False,mock_0,data/052628.jpg,cosine
456,mock_65,Product 65,data/032862.jpg,0.61313653,False,mock_0,data/052628.jpg,cosine
457,mock_177,Product 177,data/044710.jpg,0.6124546,False,mock_0,data/052628.jpg,cosine
458,mock_389,Product 389,data/056499.jpg,0.6123731,False,mock_0,data/052628.jpg,cosine
459,mock_108,Product 108,data/069872.jpg,0.6122697,False,mock_0,data/052628.jpg,cosine
460,mock_359,Product 359,data/027506.jpg,0.6122047,False,mock_0,data/052628.jpg,cosine
461,mock_480,Product 480,data/063378.jpg,0.6119948,False,mock_0,data/052628.jpg,cosine
462,mock_198,Product 198,data/056314.jpg,0.6116929,False,mock_0,data/052628.jpg,cosine
463,mock_446,Product 446,data/039710.jpg,0.6114773,False,mock_0,data/052628.jpg,cosine
464,mock_900,Product 900,data/045181.jpg,0.61139464,False,mock_0,data/052628.jpg,cosine
465,mock_72,Product 72,data/043057.jpg,0.61134416,False,mock_0,data/052628.jpg,cosine
466,mock_971,Product 971,data/060301.jpg,0.61114085,False,mock_0,data/052628.jpg,cosine
467,mock_658,Product 658,data/045624.jpg,0.60993916,False,mock_0,data/052628.jpg,cosine
468,mock_708,Product 708,data/044274.jpg,0.6097465,False,mock_0,data/052628.jpg,cosine
469,mock_133,Product 133,data/053522.jpg,0.60951966,False,mock_0,data/052628.jpg,cosine
470,mock_362,Product 362,data/050956.jpg,0.60941577,False,mock_0,data/052628.jpg,cosine
471,mock_549,Product 549,data/048314.jpg,0.60940313,False,mock_0,data/052628.jpg,cosine
472,mock_101,Product 101,data/041898.jpg,0.6093083,False,mock_0,data/052628.jpg,cosine
473,mock_649,Product 649,data/036812.jpg,0.6088586,False,mock_0,data/052628.jpg,cosine
474,mock_462,Product 462,data/002786.jpg,0.6088369,False,mock_0,data/052628.jpg,cosine
475,mock_805,Product 805,data/038803.jpg,0.60875845,False,mock_0,data/052628.jpg,cosine
476,mock_447,Product 447,data/041873.jpg,0.6080899,False,mock_0,data/052628.jpg,cosine
477,mock_572,Product 572,data/018245.jpg,0.6079784,False,mock_0,data/052628.jpg,cosine
478,mock_918,Product 918,data/065537.jpg,0.6079624,False,mock_0,data/052628.jpg,cosine
479,mock_796,Product 796,data/044506.jpg,0.6072591,False,mock_0,data/052628.jpg,cosine
480,mock_516,Product 516,data/070304.jpg,0.607083,False,mock_0,data/052628.jpg,cosine
481,mock_61,Product 61,data/063393.jpg,0.60679066,False,mock_0,data/052628.jpg,cosine
482,mock_504,Product 504,data/059796.jpg,0.60651994,False,mock_0,data/052628.jpg,cosine
483,mock_863,Product 863,data/039248.jpg,0.60640025,False,mock_0,data/052628.jpg,cosine
484,mock_875,Product 875,data/027076.jpg,0.60583884,False,mock_0,data/052628.jpg,cosine
485,mock_774,Product 774,data/042611.jpg,0.60536724,False,mock_0,data/052628.jpg,cosine
486,mock_853,Product 853,data/042822.jpg,0.6050144,False,mock_0,data/052628.jpg,cosine
487,mock_106,Product 106,data/030907.jpg,0.6048038,False,mock_0,data/052628.jpg,cosine
488,mock_47,Product 47,data/039937.jpg,0.60426193,False,mock_0,data/052628.jpg,cosine
489,mock_340,Product 340,data/038432.jpg,0.6041257,False,mock_0,data/052628.jpg,cosine
490,mock_24,Product 24,data/006279.jpg,0.60377234,False,mock_0,data/052628.jpg,cosine
491,mock_356,Product 356,data/038426.jpg,0.60376847,False,mock_0,data/052628.jpg,cosine
492,mock_202,Product 202,data/040576.jpg,0.6034912,False,mock_0,data/052628.jpg,cosine
493,mock_95,Product 95,data/011077.jpg,0.60342246,False,mock_0,data/052628.jpg,cosine
494,mock_213,Product 213,data/018709.jpg,0.60342246,False,mock_0,data/052628.jpg,cosine
495,mock_364,Product 364,data/016903.jpg,0.60342246,False,mock_0,data/052628.jpg,cosine
496,mock_584,Product 584,data/009348.jpg,0.60342246,False,mock_0,data/052628.jpg,cosine
497,mock_643,Product 643,data/006709.jpg,0.60328764,False,mock_0,data/052628.jpg,cosine
498,mock_919,Product 919,data/023562.jpg,0.60314125,False,mock_0,data/052628.jpg,cosine
499,mock_121,Product 121,data/066599.jpg,0.6025442,False,mock_0,data/052628.jpg,cosine
500,mock_829,Product 829,data/050598.jpg,0.6022553,False,mock_0,data/052628.jpg,cosine
501,mock_482,Product 482,data/032651.jpg,0.60199475,False,mock_0,data/052628.jpg,cosine
502,mock_355,Product 355,data/037715.jpg,0.6017413,False,mock_0,data/052628.jpg,cosine
503,mock_824,Product 824,data/038630.jpg,0.60161924,False,mock_0,data/052628.jpg,cosine
504,mock_137,Product 137,data/050003.jpg,0.6013343,False,mock_0,data/052628.jpg,cosine
505,mock_825,Product 825,data/040953.jpg,0.60119504,False,mock_0,data/052628.jpg,cosine
506,mock_503,Product 503,data/048843.jpg,0.60119396,False,mock_0,data/052628.jpg,cosine
507,mock_533,Product 533,data/035880.jpg,0.6010838,False,mock_0,data/052628.jpg,cosine
508,mock_431,Product 431,data/039076.jpg,0.601017,False,mock_0,data/052628.jpg,cosine
509,mock_211,Product 211,data/049220.jpg,0.6009956,False,mock_0,data/052628.jpg,cosine
510,mock_109,Product 109,data/046891.jpg,0.6007551,False,mock_0,data/052628.jpg,cosine
511,mock_325,Product 325,data/043080.jpg,0.60047424,False,mock_0,data/052628.jpg,cosine
512,mock_607,Product 607,data/053720.jpg,0.60026646,False,mock_0,data/052628.jpg,cosine
513,mock_937,Product 937,data/036609.jpg,0.59995914,False,mock_0,data/052628.jpg,cosine
514,mock_215,Product 215,data/007629.jpg,0.5994555,False,mock_0,data/052628.jpg,cosine
515,mock_186,Product 186,data/004334.jpg,0.599288,False,mock_0,data/052628.jpg,cosine
516,mock_523,Product 523,data/035658.jpg,0.59898895,False,mock_0,data/052628.jpg,cosine
517,mock_45,Product 45,data/050981.jpg,0.5988955,False,mock_0,data/052628.jpg,cosine
518,mock_266,Product 266,data/036392.jpg,0.59889215,False,mock_0,data/052628.jpg,cosine
519,mock_726,Product 726,data/031833.jpg,0.5986193,False,mock_0,data/052628.jpg,cosine
520,mock_886,Product 886,data/047796.jpg,0.59843034,False,mock_0,data/052628.jpg,cosine
521,mock_734,Product 734,data/007359.jpg,0.5983466,False,mock_0,data/052628.jpg,cosine
522,mock_785,Product 785,data/012998.jpg,0.5976255,False,mock_0,data/052628.jpg,cosine
523,mock_636,Product 636,data/056880.jpg,0.59729207,False,mock_0,data/052628.jpg,cosine
524,mock_36,Product 36,data/060842.jpg,0.5972076,False,mock_0,data/052628.jpg,cosine
525,mock_832,Product 832,data/068007.jpg,0.59705925,False,mock_0,data/052628.jpg,cosine
526,mock_683,Product 683,data/056116.jpg,0.59700316,False,mock_0,data/052628.jpg,cosine
527,mock_619,Product 619,data/038181.jpg,0.5965385,False,mock_0,data/052628.jpg,cosine
528,mock_939,Product 939,data/031166.jpg,0.59646446,False,mock_0,data/052628.jpg,cosine
529,mock_791,Product 791,data/003895.jpg,0.59641355,False,mock_0,data/052628.jpg,cosine
530,mock_663,Product 663,data/064832.jpg,0.59602666,False,mock_0,data/052628.jpg,cosine
531,mock_569,Product 569,data/051123.jpg,0.5960179,False,mock_0,data/052628.jpg,cosine
532,mock_559,Product 559,data/041456.jpg,0.5956344,False,mock_0,data/052628.jpg,cosine
533,mock_527,Product 527,data/034546.jpg,0.59561354,False,mock_0,data/052628.jpg,cosine
534,mock_568,Product 568,data/046339.jpg,0.5955716,False,mock_0,data/052628.jpg,cosine
535,mock_27,Product 27,data/041132.jpg,0.59472924,False,mock_0,data/052628.jpg,cosine
536,mock_577,Product 577,data/047999.jpg,0.5943023,False,mock_0,data/052628.jpg,cosine
537,mock_949,Product 949,data/035328.jpg,0.5937228,False,mock_0,data/052628.jpg,cosine
538,mock_914,Product 914,data/053085.jpg,0.5936894,False,mock_0,data/052628.jpg,cosine
539,mock_193,Product 193,data/000152.jpg,0.593628,False,mock_0,data/052628.jpg,cosine
540,mock_535,Product 535,data/033229.jpg,0.59356046,False,mock_0,data/052628.jpg,cosine
541,mock_252,Product 252,data/035843.jpg,0.5933893,False,mock_0,data/052628.jpg,cosine
542,mock_205,Product 205,data/050765.jpg,0.593235,False,mock_0,data/052628.jpg,cosine
543,mock_302,Product 302,data/031416.jpg,0.5932068,False,mock_0,data/052628.jpg,cosine
544,mock_111,Product 111,data/040238.jpg,0.5921419,False,mock_0,data/052628.jpg,cosine
545,mock_690,Product 690,data/049036.jpg,0.5918798,False,mock_0,data/052628.jpg,cosine
546,mock_385,Product 385,data/033215.jpg,0.591156,False,mock_0,data/052628.jpg,cosine
547,mock_140,Product 140,data/036386.jpg,0.5908084,False,mock_0,data/052628.jpg,cosine
548,mock_694,Product 694,data/003659.jpg,0.59060603,False,mock_0,data/052628.jpg,cosine
549,mock_196,Product 196,data/030091.jpg,0.59058005,False,mock_0,data/052628.jpg,cosine
550,mock_575,Product 575,data/041330.jpg,0.5902373,False,mock_0,data/052628.jpg,cosine
551,mock_39,Product 39,data/049208.jpg,0.5898963,False,mock_0,data/052628.jpg,cosine
552,mock_335,Product 335,data/037701.jpg,0.5897094,False,mock_0,data/052628.jpg,cosine
553,mock_448,Product 448,data/068239.jpg,0.58962685,False,mock_0,data/052628.jpg,cosine
554,mock_164,Product 164,data/005994.jpg,0.5893379,False,mock_0,data/052628.jpg,cosine
555,mock_223,Product 223,data/009604.jpg,0.5888419,False,mock_0,data/052628.jpg,cosine
556,mock_532,Product 532,data/024755.jpg,0.5888419,False,mock_0,data/052628.jpg,cosine
557,mock_639,Product 639,data/019629.jpg,0.5888419,False,mock_0,data/052628.jpg,cosine
558,mock_46,Product 46,data/041654.jpg,0.5882984,False,mock_0,data/052628.jpg,cosine
559,mock_809,Product 809,data/008718.jpg,0.58818626,False,mock_0,data/052628.jpg,cosine
560,mock_605,Product 605,data/002209.jpg,0.5880406,False,mock_0,data/052628.jpg,cosine
561,mock_558,Product 558,data/007403.jpg,0.5876929,False,mock_0,data/052628.jpg,cosine
562,mock_104,Product 104,data/048664.jpg,0.58750886,False,mock_0,data/052628.jpg,cosine
563,mock_519,Product 519,data/029271.jpg,0.5873347,False,mock_0,data/052628.jpg,cosine
564,mock_18,Product 18,data/048670.jpg,0.58710593,False,mock_0,data/052628.jpg,cosine
565,mock_123,Product 123,data/038383.jpg,0.5869845,False,mock_0,data/052628.jpg,cosine
566,mock_707,Product 707,data/004888.jpg,0.5868929,False,mock_0,data/052628.jpg,cosine
567,mock_624,Product 624,data/028392.jpg,0.5864379,False,mock_0,data/052628.jpg,cosine
568,mock_130,Product 130,data/005764.jpg,0.58641756,False,mock_0,data/052628.jpg,cosine
569,mock_232,Product 232,data/002751.jpg,0.58634657,False,mock_0,data/052628.jpg,cosine
570,mock_147,Product 147,data/021822.jpg,0.5862867,False,mock_0,data/052628.jpg,cosine
571,mock_244,Product 244,data/014133.jpg,0.5862867,False,mock_0,data/052628.jpg,cosine
572,mock_265,Product 265,data/019371.jpg,0.5862867,False,mock_0,data/052628.jpg,cosine
573,mock_723,Product 723,data/018279.jpg,0.5862867,False,mock_0,data/052628.jpg,cosine
574,mock_514,Product 514,data/039062.jpg,0.5861227,False,mock_0,data/052628.jpg,cosine
575,mock_588,Product 588,data/048472.jpg,0.58585656,False,mock_0,data/052628.jpg,cosine
576,mock_667,Product 667,data/043255.jpg,0.58495075,False,mock_0,data/052628.jpg,cosine
577,mock_170,Product 170,data/012230.jpg,0.58488435,False,mock_0,data/052628.jpg,cosine
578,mock_318,Product 318,data/044937.jpg,0.58472717,False,mock_0,data/052628.jpg,cosine
579,mock_269,Product 269,data/009162.jpg,0.5843023,False,mock_0,data/052628.jpg,cosine
580,mock_501,Product 501,data/010396.jpg,0.5843023,False,mock_0,data/052628.jpg,cosine
581,mock_997,Product 997,data/024543.jpg,0.5843023,False,mock_0,data/052628.jpg,cosine
582,mock_759,Product 759,data/006053.jpg,0.5840404,False,mock_0,data/052628.jpg,cosine
583,mock_562,Product 562,data/036806.jpg,0.5839982,False,mock_0,data/052628.jpg,cosine
584,mock_90,Product 90,data/039923.jpg,0.58365035,False,mock_0,data/052628.jpg,cosine
585,mock_828,Product 828,data/069319.jpg,0.583064,False,mock_0,data/052628.jpg,cosine
586,mock_570,Product 570,data/038195.jpg,0.5826457,False,mock_0,data/052628.jpg,cosine
587,mock_360,Product 360,data/061553.jpg,0.5825226,False,mock_0,data/052628.jpg,cosine
588,mock_3,Product 3,data/003301.jpg,0.5820537,False,mock_0,data/052628.jpg,cosine
589,mock_602,Product 602,data/003103.jpg,0.58161265,False,mock_0,data/052628.jpg,cosine
590,mock_677,Product 677,data/057208.jpg,0.580923,False,mock_0,data/052628.jpg,cosine
591,mock_921,Product 921,data/042188.jpg,0.5798926,False,mock_0,data/052628.jpg,cosine
592,mock_217,Product 217,data/030085.jpg,0.57962036,False,mock_0,data/052628.jpg,cosine
593,mock_930,Product 930,data/040947.jpg,0.5791571,False,mock_0,data/052628.jpg,cosine
594,mock_13,Product 13,data/047543.jpg,0.57913804,False,mock_0,data/052628.jpg,cosine
595,mock_738,Product 738,data/006047.jpg,0.5788155,False,mock_0,data/052628.jpg,cosine
596,mock_336,Product 336,data/009837.jpg,0.5779397,False,mock_0,data/052628.jpg,cosine
597,mock_350,Product 350,data/021177.jpg,0.5779397,False,mock_0,data/052628.jpg,cosine
598,mock_368,Product 368,data/023760.jpg,0.5779397,False,mock_0,data/052628.jpg,cosine
599,mock_587,Product 587,data/016268.jpg,0.5779397,False,mock_0,data/052628.jpg,cosine
600,mock_672,Product 672,data/019601.jpg,0.5779397,False,mock_0,data/052628.jpg,cosine
601,mock_650,Product 650,data/008724.jpg,0.5767815,False,mock_0,data/052628.jpg,cosine
602,mock_675,Product 675,data/048328.jpg,0.57672304,False,mock_0,data/052628.jpg,cosine
603,mock_131,Product 131,data/043731.jpg,0.57655025,False,mock_0,data/052628.jpg,cosine
604,mock_345,Product 345,data/050942.jpg,0.57636875,False,mock_0,data/052628.jpg,cosine
605,mock_102,Product 102,data/001502.jpg,0.5758014,False,mock_0,data/052628.jpg,cosine
606,mock_320,Product 320,data/065721.jpg,0.5757632,False,mock_0,data/052628.jpg,cosine
607,mock_174,Product 174,data/044076.jpg,0.57575804,False,mock_0,data/052628.jpg,cosine
608,mock_757,Product 757,data/026383.jpg,0.57574964,False,mock_0,data/052628.jpg,cosine
609,mock_993,Product 993,data/004693.jpg,0.57547265,False,mock_0,data/052628.jpg,cosine
610,mock_419,Product 419,data/007198.jpg,0.5754696,False,mock_0,data/052628.jpg,cosine
611,mock_680,Product 680,data/038817.jpg,0.57528615,False,mock_0,data/052628.jpg,cosine
612,mock_15,Product 15,data/001516.jpg,0.5751307,False,mock_0,data/052628.jpg,cosine
613,mock_580,Product 580,data/029098.jpg,0.57476115,False,mock_0,data/052628.jpg,cosine
614,mock_228,Product 228,data/001258.jpg,0.5742895,False,mock_0,data/052628.jpg,cosine
615,mock_173,Product 173,data/002023.jpg,0.5742024,False,mock_0,data/052628.jpg,cosine
616,mock_989,Product 989,data/001933.jpg,0.57416755,False,mock_0,data/052628.jpg,cosine
617,mock_931,Product 931,data/038624.jpg,0.5739079,False,mock_0,data/052628.jpg,cosine
618,mock_544,Product 544,data/063191.jpg,0.5738402,False,mock_0,data/052628.jpg,cosine
619,mock_852,Product 852,data/004877.jpg,0.5725553,False,mock_0,data/052628.jpg,cosine
620,mock_293,Product 293,data/036379.jpg,0.57181907,False,mock_0,data/052628.jpg,cosine
621,mock_319,Product 319,data/002962.jpg,0.5716569,False,mock_0,data/052628.jpg,cosine
622,mock_529,Product 529,data/005943.jpg,0.57164955,False,mock_0,data/052628.jpg,cosine
623,mock_367,Product 367,data/044923.jpg,0.5715904,False,mock_0,data/052628.jpg,cosine
624,mock_874,Product 874,data/028345.jpg,0.571374,False,mock_0,data/052628.jpg,cosine
625,mock_648,Product 648,data/007417.jpg,0.57080907,False,mock_0,data/052628.jpg,cosine
626,mock_540,Product 540,data/013476.jpg,0.57075465,False,mock_0,data/052628.jpg,cosine
627,mock_263,Product 263,data/050017.jpg,0.5704251,False,mock_0,data/052628.jpg,cosine
628,mock_908,Product 908,data/025675.jpg,0.5704249,False,mock_0,data/052628.jpg,cosine
629,mock_775,Product 775,data/013338.jpg,0.5704101,False,mock_0,data/052628.jpg,cosine
630,mock_637,Product 637,data/001700.jpg,0.5703942,False,mock_0,data/052628.jpg,cosine
631,mock_790,Product 790,data/054715.jpg,0.5702626,False,mock_0,data/052628.jpg,cosine
632,mock_476,Product 476,data/002792.jpg,0.56981385,False,mock_0,data/052628.jpg,cosine
633,mock_818,Product 818,data/041495.jpg,0.56966865,False,mock_0,data/052628.jpg,cosine
634,mock_744,Product 744,data/050201.jpg,0.5692414,False,mock_0,data/052628.jpg,cosine
635,mock_208,Product 208,data/047219.jpg,0.5691071,False,mock_0,data/052628.jpg,cosine
636,mock_969,Product 969,data/029701.jpg,0.5691055,False,mock_0,data/052628.jpg,cosine
637,mock_313,Product 313,data/045397.jpg,0.56899077,False,mock_0,data/052628.jpg,cosine
638,mock_546,Product 546,data/043241.jpg,0.56886834,False,mock_0,data/052628.jpg,cosine
639,mock_928,Product 928,data/027704.jpg,0.56867015,False,mock_0,data/052628.jpg,cosine
640,mock_306,Product 306,data/063436.jpg,0.56849027,False,mock_0,data/052628.jpg,cosine
641,mock_191,Product 191,data/049234.jpg,0.5678438,False,mock_0,data/052628.jpg,cosine
642,mock_99,Product 99,data/048102.jpg,0.56780994,False,mock_0,data/052628.jpg,cosine
643,mock_62,Product 62,data/004308.jpg,0.56713,False,mock_0,data/052628.jpg,cosine
644,mock_282,Product 282,data/000620.jpg,0.56699187,False,mock_0,data/052628.jpg,cosine
645,mock_58,Product 58,data/002779.jpg,0.5668981,False,mock_0,data/052628.jpg,cosine
646,mock_687,Product 687,data/000350.jpg,0.56678605,False,mock_0,data/052628.jpg,cosine
647,mock_230,Product 230,data/044704.jpg,0.56653666,False,mock_0,data/052628.jpg,cosine
648,mock_195,Product 195,data/041668.jpg,0.56628543,False,mock_0,data/052628.jpg,cosine
649,mock_21,Product 21,data/046885.jpg,0.56616503,False,mock_0,data/052628.jpg,cosine
650,mock_167,Product 167,data/004452.jpg,0.5655758,False,mock_0,data/052628.jpg,cosine
651,mock_467,Product 467,data/025339.jpg,0.56547064,False,mock_0,data/052628.jpg,cosine
652,mock_911,Product 911,data/025113.jpg,0.56547064,False,mock_0,data/052628.jpg,cosine
653,mock_725,Product 725,data/000436.jpg,0.5646456,False,mock_0,data/052628.jpg,cosine
654,mock_11,Product 11,data/062933.jpg,0.56463116,False,mock_0,data/052628.jpg,cosine
655,mock_804,Product 804,data/006735.jpg,0.5641965,False,mock_0,data/052628.jpg,cosine
656,mock_347,Product 347,data/026618.jpg,0.56402373,False,mock_0,data/052628.jpg,cosine
657,mock_530,Product 530,data/014696.jpg,0.5638438,False,mock_0,data/052628.jpg,cosine
658,mock_645,Product 645,data/011275.jpg,0.5638438,False,mock_0,data/052628.jpg,cosine
659,mock_761,Product 761,data/019173.jpg,0.5638438,False,mock_0,data/052628.jpg,cosine
660,mock_301,Product 301,data/000813.jpg,0.5637375,False,mock_0,data/052628.jpg,cosine
661,mock_168,Product 168,data/042407.jpg,0.5636121,False,mock_0,data/052628.jpg,cosine
662,mock_647,Product 647,data/041442.jpg,0.5625084,False,mock_0,data/052628.jpg,cosine
663,mock_582,Product 582,data/066957.jpg,0.56242335,False,mock_0,data/052628.jpg,cosine
664,mock_254,Product 254,data/004446.jpg,0.56219447,False,mock_0,data/052628.jpg,cosine
665,mock_246,Product 246,data/003329.jpg,0.56173223,False,mock_0,data/052628.jpg,cosine
666,mock_611,Product 611,data/013304.jpg,0.5616257,False,mock_0,data/052628.jpg,cosine
667,mock_696,Product 696,data/004136.jpg,0.56159264,False,mock_0,data/052628.jpg,cosine
668,mock_455,Product 455,data/010382.jpg,0.5613646,False,mock_0,data/052628.jpg,cosine
669,mock_270,Product 270,data/026181.jpg,0.56121147,False,mock_0,data/052628.jpg,cosine
670,mock_767,Product 767,data/002235.jpg,0.5611528,False,mock_0,data/052628.jpg,cosine
671,mock_243,Product 243,data/004320.jpg,0.5608816,False,mock_0,data/052628.jpg,cosine
672,mock_925,Product 925,data/041481.jpg,0.56082714,False,mock_0,data/052628.jpg,cosine
673,mock_589,Product 589,data/001714.jpg,0.56000865,False,mock_0,data/052628.jpg,cosine
674,mock_789,Product 789,data/043269.jpg,0.55989283,False,mock_0,data/052628.jpg,cosine
675,mock_669,Product 669,data/015013.jpg,0.559816,False,mock_0,data/052628.jpg,cosine
676,mock_403,Product 403,data/000807.jpg,0.55943704,False,mock_0,data/052628.jpg,cosine
677,mock_314,Product 314,data/033201.jpg,0.55941415,False,mock_0,data/052628.jpg,cosine
678,mock_813,Product 813,data/000344.jpg,0.55912614,False,mock_0,data/052628.jpg,cosine
679,mock_836,Product 836,data/043282.jpg,0.5583862,False,mock_0,data/052628.jpg,cosine
680,mock_26,Product 26,data/008254.jpg,0.55831766,False,mock_0,data/052628.jpg,cosine
681,mock_816,Product 816,data/049022.jpg,0.558239,False,mock_0,data/052628.jpg,cosine
682,mock_786,Product 786,data/004122.jpg,0.55802894,False,mock_0,data/052628.jpg,cosine
683,mock_79,Product 79,data/003473.jpg,0.55734694,False,mock_0,data/052628.jpg,cosine
684,mock_550,Product 550,data/001072.jpg,0.5565688,False,mock_0,data/052628.jpg,cosine
685,mock_552,Product 552,data/040748.jpg,0.55645967,False,mock_0,data/052628.jpg,cosine
686,mock_536,Product 536,data/003665.jpg,0.55625176,False,mock_0,data/052628.jpg,cosine
687,mock_881,Product 881,data/057585.jpg,0.556045,False,mock_0,data/052628.jpg,cosine
688,mock_686,Product 686,data/046305.jpg,0.5559754,False,mock_0,data/052628.jpg,cosine
689,mock_620,Product 620,data/051137.jpg,0.55572057,False,mock_0,data/052628.jpg,cosine
690,mock_238,Product 238,data/032692.jpg,0.555119,False,mock_0,data/052628.jpg,cosine
691,mock_226,Product 226,data/021188.jpg,0.55482984,False,mock_0,data/052628.jpg,cosine
692,mock_262,Product 262,data/016042.jpg,0.55482984,False,mock_0,data/052628.jpg,cosine
693,mock_771,Product 771,data/012026.jpg,0.55482984,False,mock_0,data/052628.jpg,cosine
694,mock_175,Product 175,data/002745.jpg,0.5548286,False,mock_0,data/052628.jpg,cosine
695,mock_948,Product 948,data/002584.jpg,0.5546448,False,mock_0,data/052628.jpg,cosine
696,mock_278,Product 278,data/051309.jpg,0.5540697,False,mock_0,data/052628.jpg,cosine
697,mock_740,Product 740,data/001728.jpg,0.5539486,False,mock_0,data/052628.jpg,cosine
698,mock_820,Product 820,data/027710.jpg,0.553198,False,mock_0,data/052628.jpg,cosine
699,mock_60,Product 60,data/005016.jpg,0.55315864,False,mock_0,data/052628.jpg,cosine
700,mock_745,Product 745,data/000422.jpg,0.55247515,False,mock_0,data/052628.jpg,cosine
701,mock_219,Product 219,data/056300.jpg,0.5511368,False,mock_0,data/052628.jpg,cosine
702,mock_545,Product 545,data/005214.jpg,0.551095,False,mock_0,data/052628.jpg,cosine
703,mock_512,Product 512,data/016081.jpg,0.5509335,False,mock_0,data/052628.jpg,cosine
704,mock_953,Product 953,data/013489.jpg,0.5509335,False,mock_0,data/052628.jpg,cosine
705,mock_968,Product 968,data/017837.jpg,0.5509335,False,mock_0,data/052628.jpg,cosine
706,mock_430,Product 430,data/011922.jpg,0.5507418,False,mock_0,data/052628.jpg,cosine
707,mock_7,Product 7,data/005770.jpg,0.5507093,False,mock_0,data/052628.jpg,cosine
708,mock_76,Product 76,data/013660.jpg,0.5504326,False,mock_0,data/052628.jpg,cosine
709,mock_795,Product 795,data/002553.jpg,0.5498548,False,mock_0,data/052628.jpg,cosine
710,mock_285,Product 285,data/008297.jpg,0.5494606,False,mock_0,data/052628.jpg,cosine
711,mock_548,Product 548,data/015007.jpg,0.5494606,False,mock_0,data/052628.jpg,cosine
712,mock_561,Product 561,data/008730.jpg,0.5494606,False,mock_0,data/052628.jpg,cosine
713,mock_609,Product 609,data/043533.jpg,0.549124,False,mock_0,data/052628.jpg,cosine
714,mock_294,Product 294,data/047580.jpg,0.54882175,False,mock_0,data/052628.jpg,cosine
715,mock_40,Product 40,data/017412.jpg,0.5486334,False,mock_0,data/052628.jpg,cosine
716,mock_893,Product 893,data/046488.jpg,0.5485521,False,mock_0,data/052628.jpg,cosine
717,mock_97,Product 97,data/001264.jpg,0.54849976,False,mock_0,data/052628.jpg,cosine
718,mock_30,Product 30,data/000608.jpg,0.5483151,False,mock_0,data/052628.jpg,cosine
719,mock_486,Product 486,data/011088.jpg,0.5482439,False,mock_0,data/052628.jpg,cosine
720,mock_608,Product 608,data/034963.jpg,0.54785514,False,mock_0,data/052628.jpg,cosine
721,mock_618,Product 618,data/049778.jpg,0.54781216,False,mock_0,data/052628.jpg,cosine
722,mock_681,Product 681,data/006721.jpg,0.5472889,False,mock_0,data/052628.jpg,cosine
723,mock_831,Product 831,data/067334.jpg,0.54728687,False,mock_0,data/052628.jpg,cosine
724,mock_705,Product 705,data/002547.jpg,0.5466045,False,mock_0,data/052628.jpg,cosine
725,mock_766,Product 766,data/015749.jpg,0.5463512,False,mock_0,data/052628.jpg,cosine
726,mock_873,Product 873,data/018286.jpg,0.5463512,False,mock_0,data/052628.jpg,cosine
727,mock_922,Product 922,data/033771.jpg,0.5462305,False,mock_0,data/052628.jpg,cosine
728,mock_498,Product 498,data/037729.jpg,0.5459391,False,mock_0,data/052628.jpg,cosine
729,mock_932,Product 932,data/006912.jpg,0.5455687,False,mock_0,data/052628.jpg,cosine
730,mock_453,Product 453,data/000191.jpg,0.5451939,False,mock_0,data/052628.jpg,cosine
731,mock_120,Product 120,data/051335.jpg,0.5450395,False,mock_0,data/052628.jpg,cosine
732,mock_700,Product 700,data/003881.jpg,0.54394525,False,mock_0,data/052628.jpg,cosine
733,mock_659,Product 659,data/003671.jpg,0.5439261,False,mock_0,data/052628.jpg,cosine
734,mock_383,Product 383,data/065053.jpg,0.5437378,False,mock_0,data/052628.jpg,cosine
735,mock_66,Product 66,data/045432.jpg,0.5437361,False,mock_0,data/052628.jpg,cosine
736,mock_187,Product 187,data/033598.jpg,0.5435598,False,mock_0,data/052628.jpg,cosine
737,mock_29,Product 29,data/007167.jpg,0.5434214,False,mock_0,data/052628.jpg,cosine
738,mock_964,Product 964,data/039512.jpg,0.5415521,False,mock_0,data/052628.jpg,cosine
739,mock_697,Product 697,data/005228.jpg,0.5411218,False,mock_0,data/052628.jpg,cosine
740,mock_944,Product 944,data/003842.jpg,0.54078686,False,mock_0,data/052628.jpg,cosine
741,mock_354,Product 354,data/009823.jpg,0.5397326,False,mock_0,data/052628.jpg,cosine
742,mock_678,Product 678,data/009412.jpg,0.5397326,False,mock_0,data/052628.jpg,cosine
743,mock_776,Product 776,data/024594.jpg,0.5397326,False,mock_0,data/052628.jpg,cosine
744,mock_862,Product 862,data/021407.jpg,0.5397326,False,mock_0,data/052628.jpg,cosine
745,mock_961,Product 961,data/020043.jpg,0.5397326,False,mock_0,data/052628.jpg,cosine
746,mock_994,Product 994,data/015946.jpg,0.5397326,False,mock_0,data/052628.jpg,cosine
747,mock_156,Product 156,data/000634.jpg,0.5383364,False,mock_0,data/052628.jpg,cosine
748,mock_560,Product 560,data/061786.jpg,0.53737646,False,mock_0,data/052628.jpg,cosine
749,mock_268,Product 268,data/006251.jpg,0.5361848,False,mock_0,data/052628.jpg,cosine
750,mock_610,Product 610,data/005566.jpg,0.5361848,False,mock_0,data/052628.jpg,cosine
751,mock_221,Product 221,data/006537.jpg,0.5356366,False,mock_0,data/052628.jpg,cosine
752,mock_906,Product 906,data/004863.jpg,0.5356215,False,mock_0,data/052628.jpg,cosine
753,mock_199,Product 199,data/010341.jpg,0.5333257,False,mock_0,data/052628.jpg,cosine
754,mock_567,Product 567,data/018523.jpg,0.5333257,False,mock_0,data/052628.jpg,cosine
755,mock_12,Product 12,data/024966.jpg,0.53313285,False,mock_0,data/052628.jpg,cosine
756,mock_615,Product 615,data/003117.jpg,0.5309299,False,mock_0,data/052628.jpg,cosine
757,mock_823,Product 823,data/006906.jpg,0.5295768,False,mock_0,data/052628.jpg,cosine
758,mock_632,Product 632,data/050229.jpg,0.5295613,False,mock_0,data/052628.jpg,cosine
759,mock_860,Product 860,data/057591.jpg,0.52884483,False,mock_0,data/052628.jpg,cosine
760,mock_597,Product 597,data/005572.jpg,0.5279807,False,mock_0,data/052628.jpg,cosine
761,mock_100,Product 100,data/016718.jpg,0.527373,False,mock_0,data/052628.jpg,cosine
762,mock_656,Product 656,data/000378.jpg,0.5273348,False,mock_0,data/052628.jpg,cosine
763,mock_563,Product 563,data/040990.jpg,0.5270991,False,mock_0,data/052628.jpg,cosine
764,mock_758,Product 758,data/058649.jpg,0.5266286,False,mock_0,data/052628.jpg,cosine
765,mock_258,Product 258,data/005758.jpg,0.5263366,False,mock_0,data/052628.jpg,cosine
766,mock_124,Product 124,data/014669.jpg,0.52606535,False,mock_0,data/052628.jpg,cosine
767,mock_299,Product 299,data/009189.jpg,0.52606535,False,mock_0,data/052628.jpg,cosine
768,mock_849,Product 849,data/023210.jpg,0.52606535,False,mock_0,data/052628.jpg,cosine
769,mock_970,Product 970,data/051862.jpg,0.5253513,False,mock_0,data/052628.jpg,cosine
770,mock_190,Product 190,data/014127.jpg,0.5243132,False,mock_0,data/052628.jpg,cosine
771,mock_229,Product 229,data/019417.jpg,0.5243132,False,mock_0,data/052628.jpg,cosine
772,mock_483,Product 483,data/023984.jpg,0.5243132,False,mock_0,data/052628.jpg,cosine
773,mock_525,Product 525,data/015588.jpg,0.5243132,False,mock_0,data/052628.jpg,cosine
774,mock_768,Product 768,data/035499.jpg,0.52378255,False,mock_0,data/052628.jpg,cosine
775,mock_974,Product 974,data/006084.jpg,0.52345514,False,mock_0,data/052628.jpg,cosine
776,mock_496,Product 496,data/000185.jpg,0.52316844,False,mock_0,data/052628.jpg,cosine
777,mock_817,Product 817,data/020094.jpg,0.52247894,False,mock_0,data/052628.jpg,cosine
778,mock_200,Product 200,data/006523.jpg,0.5223553,False,mock_0,data/052628.jpg,cosine
779,mock_304,Product 304,data/014866.jpg,0.52185494,False,mock_0,data/052628.jpg,cosine
780,mock_641,Product 641,data/001066.jpg,0.5211913,False,mock_0,data/052628.jpg,cosine
781,mock_411,Product 411,data/034552.jpg,0.5202287,False,mock_0,data/052628.jpg,cosine
782,mock_89,Product 89,data/007615.jpg,0.5183888,False,mock_0,data/052628.jpg,cosine
783,mock_492,Product 492,data/007832.jpg,0.5183888,False,mock_0,data/052628.jpg,cosine
784,mock_736,Product 736,data/009374.jpg,0.5183888,False,mock_0,data/052628.jpg,cosine
785,mock_491,Product 491,data/039704.jpg,0.51694155,False,mock_0,data/052628.jpg,cosine
786,mock_82,Product 82,data/018735.jpg,0.5154122,False,mock_0,data/052628.jpg,cosine
787,mock_141,Product 141,data/019365.jpg,0.5154122,False,mock_0,data/052628.jpg,cosine
788,mock_136,Product 136,data/062927.jpg,0.51523376,False,mock_0,data/052628.jpg,cosine
789,mock_439,Product 439,data/026156.jpg,0.51494765,False,mock_0,data/052628.jpg,cosine
790,mock_214,Product 214,data/000146.jpg,0.5146116,False,mock_0,data/052628.jpg,cosine
791,mock_42,Product 42,data/008532.jpg,0.5138562,False,mock_0,data/052628.jpg,cosine
792,mock_664,Product 664,data/022867.jpg,0.51285803,False,mock_0,data/052628.jpg,cosine
793,mock_172,Product 172,data/014899.jpg,0.51163274,False,mock_0,data/052628.jpg,cosine
794,mock_479,Product 479,data/022442.jpg,0.51163274,False,mock_0,data/052628.jpg,cosine
795,mock_517,Product 517,data/006292.jpg,0.51161915,False,mock_0,data/052628.jpg,cosine
796,mock_800,Product 800,data/050573.jpg,0.51050246,False,mock_0,data/052628.jpg,cosine
797,mock_630,Product 630,data/011513.jpg,0.5103026,False,mock_0,data/052628.jpg,cosine
798,mock_56,Product 56,data/015205.jpg,0.50935197,False,mock_0,data/052628.jpg,cosine
799,mock_445,Product 445,data/007826.jpg,0.50935197,False,mock_0,data/052628.jpg,cosine
800,mock_979,Product 979,data/016297.jpg,0.50935197,False,mock_0,data/052628.jpg,cosine
801,mock_149,Product 149,data/048894.jpg,0.509126,False,mock_0,data/052628.jpg,cosine
802,mock_534,Product 534,data/004485.jpg,0.5084977,False,mock_0,data/052628.jpg,cosine
803,mock_787,Product 787,data/042177.jpg,0.50568616,False,mock_0,data/052628.jpg,cosine
804,mock_114,Product 114,data/007173.jpg,0.5050302,False,mock_0,data/052628.jpg,cosine
805,mock_54,Product 54,data/050759.jpg,0.50459844,False,mock_0,data/052628.jpg,cosine
806,mock_566,Product 566,data/017610.jpg,0.50415105,False,mock_0,data/052628.jpg,cosine
807,mock_9,Product 9,data/015563.jpg,0.50207883,False,mock_0,data/052628.jpg,cosine
808,mock_110,Product 110,data/011711.jpg,0.50207883,False,mock_0,data/052628.jpg,cosine
809,mock_380,Product 380,data/022318.jpg,0.50207883,False,mock_0,data/052628.jpg,cosine
810,mock_412,Product 412,data/014682.jpg,0.50207883,False,mock_0,data/052628.jpg,cosine
811,mock_802,Product 802,data/011249.jpg,0.50207883,False,mock_0,data/052628.jpg,cosine
812,mock_390,Product 390,data/027260.jpg,0.50206167,False,mock_0,data/052628.jpg,cosine
813,mock_20,Product 20,data/011705.jpg,0.501927,False,mock_0,data/052628.jpg,cosine
814,mock_49,Product 49,data/011063.jpg,0.5018042,False,mock_0,data/052628.jpg,cosine
815,mock_393,Product 393,data/018090.jpg,0.5018042,False,mock_0,data/052628.jpg,cosine
816,mock_810,Product 810,data/010157.jpg,0.5018042,False,mock_0,data/052628.jpg,cosine
817,mock_838,Product 838,data/022668.jpg,0.5018042,False,mock_0,data/052628.jpg,cosine
818,mock_55,Product 55,data/048116.jpg,0.50172055,False,mock_0,data/052628.jpg,cosine
819,mock_144,Product 144,data/011739.jpg,0.50131416,False,mock_0,data/052628.jpg,cosine
820,mock_343,Product 343,data/016917.jpg,0.50131416,False,mock_0,data/052628.jpg,cosine
821,mock_456,Product 456,data/024027.jpg,0.50131416,False,mock_0,data/052628.jpg,cosine
822,mock_541,Product 541,data/022873.jpg,0.50131416,False,mock_0,data/052628.jpg,cosine
823,mock_594,Product 594,data/015761.jpg,0.50131416,False,mock_0,data/052628.jpg,cosine
824,mock_402,Product 402,data/067644.jpg,0.5008579,False,mock_0,data/052628.jpg,cosine
825,mock_209,Product 209,data/019403.jpg,0.5005505,False,mock_0,data/052628.jpg,cosine
826,mock_210,Product 210,data/020296.jpg,0.5005505,False,mock_0,data/052628.jpg,cosine
827,mock_400,Product 400,data/021611.jpg,0.5005505,False,mock_0,data/052628.jpg,cosine
828,mock_408,Product 408,data/024999.jpg,0.5005505,False,mock_0,data/052628.jpg,cosine
829,mock_556,Product 556,data/011261.jpg,0.5005505,False,mock_0,data/052628.jpg,cosine
830,mock_703,Product 703,data/022697.jpg,0.5005505,False,mock_0,data/052628.jpg,cosine
831,mock_204,Product 204,data/037926.jpg,0.49933958,False,mock_0,data/052628.jpg,cosine
832,mock_160,Product 160,data/034591.jpg,0.49791774,False,mock_0,data/052628.jpg,cosine
833,mock_413,Product 413,data/005957.jpg,0.49783444,False,mock_0,data/052628.jpg,cosine
834,mock_235,Product 235,data/012542.jpg,0.49548414,False,mock_0,data/052628.jpg,cosine
835,mock_290,Product 290,data/018084.jpg,0.49548414,False,mock_0,data/052628.jpg,cosine
836,mock_307,Product 307,data/025463.jpg,0.49548414,False,mock_0,data/052628.jpg,cosine
837,mock_999,Product 999,data/014480.jpg,0.49548414,False,mock_0,data/052628.jpg,cosine
838,mock_279,Product 279,data/049546.jpg,0.49522743,False,mock_0,data/052628.jpg,cosine
839,mock_312,Product 312,data/023012.jpg,0.49389738,False,mock_0,data/052628.jpg,cosine
840,mock_433,Product 433,data/021639.jpg,0.49389738,False,mock_0,data/052628.jpg,cosine
841,mock_713,Product 713,data/004650.jpg,0.49262446,False,mock_0,data/052628.jpg,cosine
842,mock_34,Product 34,data/017374.jpg,0.49220628,False,mock_0,data/052628.jpg,cosine
843,mock_471,Product 471,data/024033.jpg,0.49220628,False,mock_0,data/052628.jpg,cosine
844,mock_255,Product 255,data/012224.jpg,0.49214333,False,mock_0,data/052628.jpg,cosine
845,mock_63,Product 63,data/013674.jpg,0.4920482,False,mock_0,data/052628.jpg,cosine
846,mock_249,Product 249,data/014655.jpg,0.49204308,False,mock_0,data/052628.jpg,cosine
847,mock_309,Product 309,data/044089.jpg,0.49198288,False,mock_0,data/052628.jpg,cosine
848,mock_670,Product 670,data/053046.jpg,0.49181324,False,mock_0,data/052628.jpg,cosine
849,mock_579,Product 579,data/020902.jpg,0.49155357,False,mock_0,data/052628.jpg,cosine
850,mock_691,Product 691,data/014325.jpg,0.4913913,False,mock_0,data/052628.jpg,cosine
851,mock_543,Product 543,data/012768.jpg,0.490631,False,mock_0,data/052628.jpg,cosine
852,mock_815,Product 815,data/017638.jpg,0.4901682,False,mock_0,data/052628.jpg,cosine
853,mock_176,Product 176,data/013890.jpg,0.49013442,False,mock_0,data/052628.jpg,cosine
854,mock_377,Product 377,data/014872.jpg,0.49013442,False,mock_0,data/052628.jpg,cosine
855,mock_443,Product 443,data/018906.jpg,0.49013442,False,mock_0,data/052628.jpg,cosine
856,mock_947,Product 947,data/022654.jpg,0.49013442,False,mock_0,data/052628.jpg,cosine
857,mock_386,Product 386,data/024769.jpg,0.48978144,False,mock_0,data/052628.jpg,cosine
858,mock_538,Product 538,data/014319.jpg,0.48978144,False,mock_0,data/052628.jpg,cosine
859,mock_753,Product 753,data/010631.jpg,0.48978144,False,mock_0,data/052628.jpg,cosine
860,mock_772,Product 772,data/015991.jpg,0.48978144,False,mock_0,data/052628.jpg,cosine
861,mock_14,Product 14,data/019359.jpg,0.48910534,False,mock_0,data/052628.jpg,cosine
862,mock_122,Product 122,data/017360.jpg,0.48910534,False,mock_0,data/052628.jpg,cosine
863,mock_138,Product 138,data/016056.jpg,0.48910534,False,mock_0,data/052628.jpg,cosine
864,mock_218,Product 218,data/010355.jpg,0.48910534,False,mock_0,data/052628.jpg,cosine
865,mock_460,Product 460,data/023748.jpg,0.48910534,False,mock_0,data/052628.jpg,cosine
866,mock_328,Product 328,data/025305.jpg,0.48909807,False,mock_0,data/052628.jpg,cosine
867,mock_629,Product 629,data/020916.jpg,0.48909807,False,mock_0,data/052628.jpg,cosine
868,mock_714,Product 714,data/015985.jpg,0.48909807,False,mock_0,data/052628.jpg,cosine
869,mock_882,Product 882,data/060329.jpg,0.48797303,False,mock_0,data/052628.jpg,cosine
870,mock_322,Product 322,data/034208.jpg,0.48785675,False,mock_0,data/052628.jpg,cosine
871,mock_151,Product 151,data/008268.jpg,0.4876985,False,mock_0,data/052628.jpg,cosine
872,mock_251,Product 251,data/024796.jpg,0.4876985,False,mock_0,data/052628.jpg,cosine
873,mock_585,Product 585,data/011507.jpg,0.4876985,False,mock_0,data/052628.jpg,cosine
874,mock_674,Product 674,data/016532.jpg,0.4876985,False,mock_0,data/052628.jpg,cosine
875,mock_699,Product 699,data/012754.jpg,0.4876985,False,mock_0,data/052628.jpg,cosine
876,mock_729,Product 729,data/010625.jpg,0.4876985,False,mock_0,data/052628.jpg,cosine
877,mock_257,Product 257,data/025488.jpg,0.4874732,False,mock_0,data/052628.jpg,cosine
878,mock_495,Product 495,data/020255.jpg,0.4874732,False,mock_0,data/052628.jpg,cosine
879,mock_297,Product 297,data/021605.jpg,0.4872341,False,mock_0,data/052628.jpg,cosine
880,mock_475,Product 475,data/013847.jpg,0.4872341,False,mock_0,data/052628.jpg,cosine
881,mock_488,Product 488,data/018912.jpg,0.4872341,False,mock_0,data/052628.jpg,cosine
882,mock_661,Product 661,data/013462.jpg,0.4872341,False,mock_0,data/052628.jpg,cosine
883,mock_778,Product 778,data/014457.jpg,0.4872341,False,mock_0,data/052628.jpg,cosine
884,mock_409,Product 409,data/022330.jpg,0.4865721,False,mock_0,data/052628.jpg,cosine
885,mock_291,Product 291,data/038354.jpg,0.4856833,False,mock_0,data/052628.jpg,cosine
886,mock_792,Product 792,data/012740.jpg,0.48530477,False,mock_0,data/052628.jpg,cosine
887,mock_88,Product 88,data/008526.jpg,0.4848753,False,mock_0,data/052628.jpg,cosine
888,mock_207,Product 207,data/016730.jpg,0.4848753,False,mock_0,data/052628.jpg,cosine
889,mock_276,Product 276,data/010433.jpg,0.4848753,False,mock_0,data/052628.jpg,cosine
890,mock_432,Product 432,data/016095.jpg,0.4848753,False,mock_0,data/052628.jpg,cosine
891,mock_526,Product 526,data/022324.jpg,0.4848753,False,mock_0,data/052628.jpg,cosine
892,mock_876,Product 876,data/008095.jpg,0.4848753,False,mock_0,data/052628.jpg,cosine
893,mock_37,Product 37,data/018721.jpg,0.4839081,False,mock_0,data/052628.jpg,cosine
894,mock_85,Product 85,data/017406.jpg,0.4839081,False,mock_0,data/052628.jpg,cosine
895,mock_93,Product 93,data/009638.jpg,0.4839081,False,mock_0,data/052628.jpg,cosine
896,mock_155,Product 155,data/017348.jpg,0.4839081,False,mock_0,data/052628.jpg,cosine
897,mock_963,Product 963,data/008917.jpg,0.4839081,False,mock_0,data/052628.jpg,cosine
898,mock_986,Product 986,data/020725.jpg,0.4839081,False,mock_0,data/052628.jpg,cosine
899,mock_509,Product 509,data/011936.jpg,0.48367912,False,mock_0,data/052628.jpg,cosine
900,mock_617,Product 617,data/017162.jpg,0.48367912,False,mock_0,data/052628.jpg,cosine
901,mock_821,Product 821,data/019826.jpg,0.48367912,False,mock_0,data/052628.jpg,cosine
902,mock_424,Product 424,data/020527.jpg,0.4821839,False,mock_0,data/052628.jpg,cosine
903,mock_600,Product 600,data/013310.jpg,0.48185095,False,mock_0,data/052628.jpg,cosine
904,mock_613,Product 613,data/004678.jpg,0.47861302,False,mock_0,data/052628.jpg,cosine
905,mock_260,Product 260,data/002037.jpg,0.4756752,False,mock_0,data/052628.jpg,cosine
906,mock_841,Product 841,data/012973.jpg,0.47519535,False,mock_0,data/052628.jpg,cosine
907,mock_224,Product 224,data/016724.jpg,0.47485632,False,mock_0,data/052628.jpg,cosine
908,mock_621,Product 621,data/018251.jpg,0.47485632,False,mock_0,data/052628.jpg,cosine
909,mock_481,Product 481,data/012581.jpg,0.4731948,False,mock_0,data/052628.jpg,cosine
910,mock_179,Product 179,data/022495.jpg,0.47231472,False,mock_0,data/052628.jpg,cosine
911,mock_192,Product 192,data/020282.jpg,0.47231472,False,mock_0,data/052628.jpg,cosine
912,mock_382,Product 382,data/023006.jpg,0.47231472,False,mock_0,data/052628.jpg,cosine
913,mock_578,Product 578,data/008056.jpg,0.47231472,False,mock_0,data/052628.jpg,cosine
914,mock_717,Product 717,data/014443.jpg,0.47231472,False,mock_0,data/052628.jpg,cosine
915,mock_773,Product 773,data/004644.jpg,0.46914983,False,mock_0,data/052628.jpg,cosine
916,mock_954,Product 954,data/024225.jpg,0.4686778,False,mock_0,data/052628.jpg,cosine
917,mock_32,Product 32,data/018047.jpg,0.46754858,False,mock_0,data/052628.jpg,cosine
918,mock_119,Product 119,data/018053.jpg,0.46754858,False,mock_0,data/052628.jpg,cosine
919,mock_466,Product 466,data/012595.jpg,0.46754858,False,mock_0,data/052628.jpg,cosine
920,mock_896,Product 896,data/008081.jpg,0.46745044,False,mock_0,data/052628.jpg,cosine
921,mock_129,Product 129,data/013106.jpg,0.4673723,False,mock_0,data/052628.jpg,cosine
922,mock_576,Product 576,data/010619.jpg,0.4671991,False,mock_0,data/052628.jpg,cosine
923,mock_657,Product 657,data/018537.jpg,0.4671991,False,mock_0,data/052628.jpg,cosine
924,mock_756,Product 756,data/009360.jpg,0.4671991,False,mock_0,data/052628.jpg,cosine
925,mock_212,Product 212,data/046113.jpg,0.4666754,False,mock_0,data/052628.jpg,cosine
926,mock_692,Product 692,data/052370.jpg,0.46622044,False,mock_0,data/052628.jpg,cosine
927,mock_871,Product 871,data/020719.jpg,0.4656783,False,mock_0,data/052628.jpg,cosine
928,mock_69,Product 69,data/015211.jpg,0.46476498,False,mock_0,data/052628.jpg,cosine
929,mock_135,Product 135,data/024972.jpg,0.46476498,False,mock_0,data/052628.jpg,cosine
930,mock_153,Product 153,data/010427.jpg,0.46476498,False,mock_0,data/052628.jpg,cosine
931,mock_234,Product 234,data/022481.jpg,0.46476498,False,mock_0,data/052628.jpg,cosine
932,mock_239,Product 239,data/023947.jpg,0.46476498,False,mock_0,data/052628.jpg,cosine
933,mock_854,Product 854,data/025661.jpg,0.46476498,False,mock_0,data/052628.jpg,cosine
934,mock_231,Product 231,data/013884.jpg,0.46349806,False,mock_0,data/052628.jpg,cosine
935,mock_982,Product 982,data/017189.jpg,0.4634413,False,mock_0,data/052628.jpg,cosine
936,mock_606,Product 606,data/015775.jpg,0.4634257,False,mock_0,data/052628.jpg,cosine
937,mock_388,Product 388,data/008283.jpg,0.46338153,False,mock_0,data/052628.jpg,cosine
938,mock_743,Product 743,data/016254.jpg,0.46246034,False,mock_0,data/052628.jpg,cosine
939,mock_652,Product 652,data/017604.jpg,0.46231264,False,mock_0,data/052628.jpg,cosine
940,mock_803,Product 803,data/009406.jpg,0.46231264,False,mock_0,data/052628.jpg,cosine
941,mock_834,Product 834,data/025107.jpg,0.46231264,False,mock_0,data/052628.jpg,cosine
942,mock_361,Product 361,data/041683.jpg,0.4621096,False,mock_0,data/052628.jpg,cosine
943,mock_181,Product 181,data/012556.jpg,0.46083492,False,mock_0,data/052628.jpg,cosine
944,mock_374,Product 374,data/025311.jpg,0.46083492,False,mock_0,data/052628.jpg,cosine
945,mock_468,Product 468,data/023990.jpg,0.46083492,False,mock_0,data/052628.jpg,cosine
946,mock_626,Product 626,data/008042.jpg,0.46083492,False,mock_0,data/052628.jpg,cosine
947,mock_885,Product 885,data/010816.jpg,0.46083492,False,mock_0,data/052628.jpg,cosine
948,mock_903,Product 903,data/023204.jpg,0.46083492,False,mock_0,data/052628.jpg,cosine
949,mock_87,Product 87,data/010369.jpg,0.45928797,False,mock_0,data/052628.jpg,cosine
950,mock_463,Product 463,data/013853.jpg,0.45928797,False,mock_0,data/052628.jpg,cosine
951,mock_508,Product 508,data/020533.jpg,0.45928797,False,mock_0,data/052628.jpg,cosine
952,mock_710,Product 710,data/012032.jpg,0.45928797,False,mock_0,data/052628.jpg,cosine
953,mock_884,Product 884,data/021413.jpg,0.45928797,False,mock_0,data/052628.jpg,cosine
954,mock_163,Product 163,data/014641.jpg,0.4577667,False,mock_0,data/052628.jpg,cosine
955,mock_935,Product 935,data/021375.jpg,0.4577109,False,mock_0,data/052628.jpg,cosine
956,mock_801,Product 801,data/016526.jpg,0.45759395,False,mock_0,data/052628.jpg,cosine
957,mock_289,Product 289,data/037067.jpg,0.45745647,False,mock_0,data/052628.jpg,cosine
958,mock_591,Product 591,data/047741.jpg,0.45686814,False,mock_0,data/052628.jpg,cosine
959,mock_132,Product 132,data/012218.jpg,0.45657533,False,mock_0,data/052628.jpg,cosine
960,mock_178,Product 178,data/015239.jpg,0.45657533,False,mock_0,data/052628.jpg,cosine
961,mock_182,Product 182,data/023953.jpg,0.45657533,False,mock_0,data/052628.jpg,cosine
962,mock_203,Product 203,data/009610.jpg,0.45657533,False,mock_0,data/052628.jpg,cosine
963,mock_334,Product 334,data/021163.jpg,0.45657533,False,mock_0,data/052628.jpg,cosine
964,mock_682,Product 682,data/010143.jpg,0.45657533,False,mock_0,data/052628.jpg,cosine
965,mock_693,Product 693,data/023589.jpg,0.45657533,False,mock_0,data/052628.jpg,cosine
966,mock_793,Product 793,data/022683.jpg,0.45657533,False,mock_0,data/052628.jpg,cosine
967,mock_869,Product 869,data/010802.jpg,0.45657533,False,mock_0,data/052628.jpg,cosine
968,mock_943,Product 943,data/012797.jpg,0.45657533,False,mock_0,data/052628.jpg,cosine
969,mock_113,Product 113,data/008240.jpg,0.45326662,False,mock_0,data/052628.jpg,cosine
970,mock_321,Product 321,data/023774.jpg,0.45326662,False,mock_0,data/052628.jpg,cosine
971,mock_378,Product 378,data/025477.jpg,0.45326662,False,mock_0,data/052628.jpg,cosine
972,mock_450,Product 450,data/020241.jpg,0.45326662,False,mock_0,data/052628.jpg,cosine
973,mock_783,Product 783,data/014331.jpg,0.45326662,False,mock_0,data/052628.jpg,cosine
974,mock_134,Product 134,data/015577.jpg,0.45279875,False,mock_0,data/052628.jpg,cosine
975,mock_146,Product 146,data/009176.jpg,0.45279875,False,mock_0,data/052628.jpg,cosine
976,mock_166,Product 166,data/024782.jpg,0.45279875,False,mock_0,data/052628.jpg,cosine
977,mock_416,Product 416,data/024741.jpg,0.45279875,False,mock_0,data/052628.jpg,cosine
978,mock_716,Product 716,data/024580.jpg,0.45279875,False,mock_0,data/052628.jpg,cosine
979,mock_830,Product 830,data/021361.jpg,0.45279875,False,mock_0,data/052628.jpg,cosine
980,mock_866,Product 866,data/019198.jpg,0.45279875,False,mock_0,data/052628.jpg,cosine
981,mock_927,Product 927,data/019832.jpg,0.45279875,False,mock_0,data/052628.jpg,cosine
982,mock_916,Product 916,data/012967.jpg,0.44260544,False,mock_0,data/052628.jpg,cosine
983,mock_724,Product 724,data/046463.jpg,0.44130218,False,mock_0,data/052628.jpg,cosine
984,mock_4,Product 4,data/013112.jpg,0.4371122,False,mock_0,data/052628.jpg,cosine
985,mock_358,Product 358,data/020269.jpg,0.4371122,False,mock_0,data/052628.jpg,cosine
986,mock_571,Product 571,data/017176.jpg,0.4371122,False,mock_0,data/052628.jpg,cosine
987,mock_48,Product 48,data/007601.jpg,0.4362041,False,mock_0,data/052628.jpg,cosine
988,mock_275,Product 275,data/021836.jpg,0.4345092,False,mock_0,data/052628.jpg,cosine
989,mock_423,Product 423,data/027248.jpg,0.43180588,False,mock_0,data/052628.jpg,cosine
990,mock_185,Product 185,data/013648.jpg,0.43092573,False,mock_0,data/052628.jpg,cosine
991,mock_798,Product 798,data/019615.jpg,0.43092573,False,mock_0,data/052628.jpg,cosine
992,mock_742,Product 742,data/019167.jpg,0.4284473,False,mock_0,data/052628.jpg,cosine
993,mock_749,Product 749,data/049744.jpg,0.42604163,False,mock_0,data/052628.jpg,cosine
994,mock_765,Product 765,data/016240.jpg,0.4232227,False,mock_0,data/052628.jpg,cosine
995,mock_844,Product 844,data/024219.jpg,0.4232227,False,mock_0,data/052628.jpg,cosine
996,mock_891,Product 891,data/018292.jpg,0.4232227,False,mock_0,data/052628.jpg,cosine
997,mock_955,Product 955,data/010180.jpg,0.4232227,False,mock_0,data/052628.jpg,cosine
998,mock_574,Product 574,data/007365.jpg,0.42208165,False,mock_0,data/052628.jpg,cosine
999,mock_688,Product 688,data/020080.jpg,0.4195382,False,mock_0,data/052628.jpg,cosine
1000,mock_71,Product 71,data/005002.jpg,0.38703406,False,mock_0,data/052628.jpg,cosine
